series,index,value
Raw market,0,-0.719424
Raw market,1,-0.489684
Raw market,2,-0.416087
Raw market,3,-0.399832
Raw market,4,-0.373795
Raw market,5,-0.368688
Raw market,6,-0.309011
Raw market,7,-0.293766
Raw market,8,-0.240586
Raw market,9,-0.233392
Raw market,10,-0.22214
Raw market,11,-0.215449
Raw market,12,-0.212804
Raw market,13,-0.210039
Raw market,14,-0.199042
Raw market,15,-0.195622
Raw market,16,-0.190304
Raw market,17,-0.169193
Raw market,18,-0.159517
Raw market,19,-0.159099
Raw market,20,-0.154338
Raw market,21,-0.154094
Raw market,22,-0.154043
Raw market,23,-0.15174
Raw market,24,-0.146956
Raw market,25,-0.143799
Raw market,26,-0.13472
Raw market,27,-0.128818
Raw market,28,-0.12401
Raw market,29,-0.122572
Raw market,30,-0.119672
Raw market,31,-0.11784
Raw market,32,-0.117064
Raw market,33,-0.116875
Raw market,34,-0.115872
Raw market,35,-0.115227
Raw market,36,-0.113806
Raw market,37,-0.108806
Raw market,38,-0.108497
Raw market,39,-0.106821
Raw market,40,-0.106578
Raw market,41,-0.105754
Raw market,42,-0.104754
Raw market,43,-0.103685
Raw market,44,-0.102953
Raw market,45,-0.101922
Raw market,46,-0.101183
Raw market,47,-0.097649
Raw market,48,-0.097208
Raw market,49,-0.096309
Raw market,50,-0.095842
Raw market,51,-0.094501
Raw market,52,-0.093749
Raw market,53,-0.092883
Raw market,54,-0.091919
Raw market,55,-0.091133
Raw market,56,-0.089684
Raw market,57,-0.08824
Raw market,58,-0.087962
Raw market,59,-0.086781
Raw market,60,-0.086241
Raw market,61,-0.084175
Raw market,62,-0.084066
Raw market,63,-0.083679
Raw market,64,-0.08276
Raw market,65,-0.082251
Raw market,66,-0.082001
Raw market,67,-0.081159
Raw market,68,-0.080328
Raw market,69,-0.080142
Raw market,70,-0.079972
Raw market,71,-0.079968
Raw market,72,-0.076507
Raw market,73,-0.075717
Raw market,74,-0.075583
Raw market,75,-0.075267
Raw market,76,-0.074316
Raw market,77,-0.073896
Raw market,78,-0.073768
Raw market,79,-0.072603
Raw market,80,-0.072316
Raw market,81,-0.071592
Raw market,82,-0.070418
Raw market,83,-0.070228
Raw market,84,-0.069705
Raw market,85,-0.069021
Raw market,86,-0.068817
Raw market,87,-0.068657
Raw market,88,-0.06827
Raw market,89,-0.067855
Raw market,90,-0.067799
Raw market,91,-0.0672
Raw market,92,-0.066297
Raw market,93,-0.065372
Raw market,94,-0.06532
Raw market,95,-0.064949
Raw market,96,-0.064651
Raw market,97,-0.064398
Raw market,98,-0.064397
Raw market,99,-0.064309
Raw market,100,-0.06401
Raw market,101,-0.062429
Raw market,102,-0.062413
Raw market,103,-0.062249
Raw market,104,-0.061195
Raw market,105,-0.0606
Raw market,106,-0.060577
Raw market,107,-0.059927
Raw market,108,-0.05966
Raw market,109,-0.059521
Raw market,110,-0.059478
Raw market,111,-0.059446
Raw market,112,-0.059318
Raw market,113,-0.058994
Raw market,114,-0.058773
Raw market,115,-0.058476
Raw market,116,-0.058211
Raw market,117,-0.058086
Raw market,118,-0.057672
Raw market,119,-0.057385
Raw market,120,-0.056983
Raw market,121,-0.056836
Raw market,122,-0.055064
Raw market,123,-0.054773
Raw market,124,-0.054058
Raw market,125,-0.054052
Raw market,126,-0.053598
Raw market,127,-0.053531
Raw market,128,-0.05281
Raw market,129,-0.052772
Raw market,130,-0.052459
Raw market,131,-0.051862
Raw market,132,-0.051634
Raw market,133,-0.05131
Raw market,134,-0.050287
Raw market,135,-0.050126
Raw market,136,-0.049314
Raw market,137,-0.049063
Raw market,138,-0.048681
Raw market,139,-0.046705
Raw market,140,-0.045628
Raw market,141,-0.045625
Raw market,142,-0.045488
Raw market,143,-0.045482
Raw market,144,-0.045359
Raw market,145,-0.044763
Raw market,146,-0.044238
Raw market,147,-0.044005
Raw market,148,-0.043624
Raw market,149,-0.04357
Raw market,150,-0.043473
Raw market,151,-0.043381
Raw market,152,-0.043197
Raw market,153,-0.043179
Raw market,154,-0.042404
Raw market,155,-0.042293
Raw market,156,-0.042197
Raw market,157,-0.041713
Raw market,158,-0.041281
Raw market,159,-0.040308
Raw market,160,-0.039607
Raw market,161,-0.039493
Raw market,162,-0.038732
Raw market,163,-0.038625
Raw market,164,-0.038446
Raw market,165,-0.037863
Raw market,166,-0.036085
Raw market,167,-0.035986
Raw market,168,-0.035699
Raw market,169,-0.03485
Raw market,170,-0.034552
Raw market,171,-0.034425
Raw market,172,-0.033953
Raw market,173,-0.03389
Raw market,174,-0.033496
Raw market,175,-0.033201
Raw market,176,-0.03311
Raw market,177,-0.032995
Raw market,178,-0.032976
Raw market,179,-0.032404
Raw market,180,-0.032264
Raw market,181,-0.031975
Raw market,182,-0.031814
Raw market,183,-0.031522
Raw market,184,-0.030979
Raw market,185,-0.030942
Raw market,186,-0.030938
Raw market,187,-0.03087
Raw market,188,-0.030651
Raw market,189,-0.030614
Raw market,190,-0.029656
Raw market,191,-0.029428
Raw market,192,-0.029199
Raw market,193,-0.029174
Raw market,194,-0.029041
Raw market,195,-0.028866
Raw market,196,-0.028163
Raw market,197,-0.028111
Raw market,198,-0.028073
Raw market,199,-0.027908
Raw market,200,-0.027056
Raw market,201,-0.026348
Raw market,202,-0.026328
Raw market,203,-0.025829
Raw market,204,-0.025646
Raw market,205,-0.025629
Raw market,206,-0.025534
Raw market,207,-0.025434
Raw market,208,-0.024005
Raw market,209,-0.02373
Raw market,210,-0.022868
Raw market,211,-0.022306
Raw market,212,-0.022209
Raw market,213,-0.022003
Raw market,214,-0.021917
Raw market,215,-0.021835
Raw market,216,-0.021796
Raw market,217,-0.021376
Raw market,218,-0.02125
Raw market,219,-0.020846
Raw market,220,-0.02068
Raw market,221,-0.020529
Raw market,222,-0.020268
Raw market,223,-0.020266
Raw market,224,-0.0197
Raw market,225,-0.019485
Raw market,226,-0.019463
Raw market,227,-0.019283
Raw market,228,-0.018804
Raw market,229,-0.018629
Raw market,230,-0.018481
Raw market,231,-0.018032
Raw market,232,-0.017868
Raw market,233,-0.017826
Raw market,234,-0.017107
Raw market,235,-0.016514
Raw market,236,-0.016219
Raw market,237,-0.015774
Raw market,238,-0.015683
Raw market,239,-0.015458
Raw market,240,-0.015308
Raw market,241,-0.015274
Raw market,242,-0.014399
Raw market,243,-0.01424
Raw market,244,-0.014227
Raw market,245,-0.014172
Raw market,246,-0.013754
Raw market,247,-0.013372
Raw market,248,-0.013213
Raw market,249,-0.013143
Raw market,250,-0.012704
Raw market,251,-0.012657
Raw market,252,-0.012506
Raw market,253,-0.012242
Raw market,254,-0.011919
Raw market,255,-0.011692
Raw market,256,-0.01153
Raw market,257,-0.011191
Raw market,258,-0.011156
Raw market,259,-0.010265
Raw market,260,-0.01024
Raw market,261,-0.009868
Raw market,262,-0.008214
Raw market,263,-0.008204
Raw market,264,-0.008154
Raw market,265,-0.008082
Raw market,266,-0.007905
Raw market,267,-0.007802
Raw market,268,-0.007551
Raw market,269,-0.007342
Raw market,270,-0.007223
Raw market,271,-0.0071
Raw market,272,-0.007071
Raw market,273,-0.007033
Raw market,274,-0.006848
Raw market,275,-0.006739
Raw market,276,-0.006697
Raw market,277,-0.006651
Raw market,278,-0.006512
Raw market,279,-0.006384
Raw market,280,-0.006226
Raw market,281,-0.006165
Raw market,282,-0.005633
Raw market,283,-0.005484
Raw market,284,-0.005269
Raw market,285,-0.005099
Raw market,286,-0.00476
Raw market,287,-0.004482
Raw market,288,-0.004197
Raw market,289,-0.004119
Raw market,290,-0.003926
Raw market,291,-0.003437
Raw market,292,-0.003107
Raw market,293,-0.002689
Raw market,294,-0.002291
Raw market,295,-0.002151
Raw market,296,-0.00172
Raw market,297,-0.001702
Raw market,298,-0.00137
Raw market,299,-0.001358
Raw market,300,-0.001084
Raw market,301,-0.000969
Raw market,302,-0.000914
Raw market,303,-0.000564
Raw market,304,-0.000456
Raw market,305,-0.000425
Raw market,306,-7e-05
Raw market,307,-3.3e-05
Raw market,308,0.0
Raw market,309,0.0
Raw market,310,1e-06
Raw market,311,9.3e-05
Raw market,312,0.000441
Raw market,313,0.000522
Raw market,314,0.001163
Raw market,315,0.001681
Raw market,316,0.00295
Raw market,317,0.002998
Raw market,318,0.003455
Raw market,319,0.003769
Raw market,320,0.003788
Raw market,321,0.004717
Raw market,322,0.004779
Raw market,323,0.004912
Raw market,324,0.005429
Raw market,325,0.005649
Raw market,326,0.00593
Raw market,327,0.006143
Raw market,328,0.006394
Raw market,329,0.006914
Raw market,330,0.007419
Raw market,331,0.007582
Raw market,332,0.008029
Raw market,333,0.008069
Raw market,334,0.008173
Raw market,335,0.008377
Raw market,336,0.008594
Raw market,337,0.008658
Raw market,338,0.008992
Raw market,339,0.009165
Raw market,340,0.009428
Raw market,341,0.009578
Raw market,342,0.009774
Raw market,343,0.009811
Raw market,344,0.010226
Raw market,345,0.010518
Raw market,346,0.010943
Raw market,347,0.011156
Raw market,348,0.011326
Raw market,349,0.01145
Raw market,350,0.012002
Raw market,351,0.012035
Raw market,352,0.012747
Raw market,353,0.012918
Raw market,354,0.013714
Raw market,355,0.01393
Raw market,356,0.013971
Raw market,357,0.014018
Raw market,358,0.014481
Raw market,359,0.014731
Raw market,360,0.014841
Raw market,361,0.01486
Raw market,362,0.015041
Raw market,363,0.015107
Raw market,364,0.015107
Raw market,365,0.015553
Raw market,366,0.016031
Raw market,367,0.016343
Raw market,368,0.016545
Raw market,369,0.017135
Raw market,370,0.017276
Raw market,371,0.017621
Raw market,372,0.017975
Raw market,373,0.018257
Raw market,374,0.018505
Raw market,375,0.018757
Raw market,376,0.018801
Raw market,377,0.018847
Raw market,378,0.018931
Raw market,379,0.019352
Raw market,380,0.01962
Raw market,381,0.019953
Raw market,382,0.020186
Raw market,383,0.020393
Raw market,384,0.02048
Raw market,385,0.021572
Raw market,386,0.021604
Raw market,387,0.021912
Raw market,388,0.021918
Raw market,389,0.021962
Raw market,390,0.022008
Raw market,391,0.022011
Raw market,392,0.022121
Raw market,393,0.022299
Raw market,394,0.022324
Raw market,395,0.022543
Raw market,396,0.022891
Raw market,397,0.023483
Raw market,398,0.023843
Raw market,399,0.023991
Raw market,400,0.02408
Raw market,401,0.024413
Raw market,402,0.024896
Raw market,403,0.025327
Raw market,404,0.025416
Raw market,405,0.025544
Raw market,406,0.025755
Raw market,407,0.026545
Raw market,408,0.027214
Raw market,409,0.027321
Raw market,410,0.027355
Raw market,411,0.028098
Raw market,412,0.028186
Raw market,413,0.028375
Raw market,414,0.029071
Raw market,415,0.029588
Raw market,416,0.029854
Raw market,417,0.030158
Raw market,418,0.030201
Raw market,419,0.03027
Raw market,420,0.030697
Raw market,421,0.030903
Raw market,422,0.031116
Raw market,423,0.031127
Raw market,424,0.031327
Raw market,425,0.031556
Raw market,426,0.031969
Raw market,427,0.032545
Raw market,428,0.032827
Raw market,429,0.033481
Raw market,430,0.033774
Raw market,431,0.033884
Raw market,432,0.034047
Raw market,433,0.034274
Raw market,434,0.034573
Raw market,435,0.035039
Raw market,436,0.035117
Raw market,437,0.035159
Raw market,438,0.035374
Raw market,439,0.035654
Raw market,440,0.036
Raw market,441,0.036242
Raw market,442,0.037307
Raw market,443,0.037431
Raw market,444,0.037805
Raw market,445,0.03815
Raw market,446,0.038316
Raw market,447,0.03876
Raw market,448,0.039595
Raw market,449,0.03982
Raw market,450,0.040867
Raw market,451,0.040915
Raw market,452,0.040931
Raw market,453,0.040948
Raw market,454,0.041019
Raw market,455,0.041132
Raw market,456,0.041331
Raw market,457,0.041359
Raw market,458,0.04197
Raw market,459,0.042735
Raw market,460,0.043468
Raw market,461,0.044385
Raw market,462,0.044556
Raw market,463,0.044571
Raw market,464,0.044773
Raw market,465,0.045962
Raw market,466,0.046486
Raw market,467,0.046763
Raw market,468,0.046785
Raw market,469,0.046943
Raw market,470,0.047141
Raw market,471,0.047421
Raw market,472,0.048551
Raw market,473,0.04906
Raw market,474,0.049358
Raw market,475,0.049478
Raw market,476,0.049516
Raw market,477,0.049728
Raw market,478,0.049754
Raw market,479,0.051151
Raw market,480,0.051264
Raw market,481,0.051423
Raw market,482,0.051449
Raw market,483,0.051978
Raw market,484,0.052376
Raw market,485,0.052398
Raw market,486,0.052682
Raw market,487,0.052941
Raw market,488,0.053227
Raw market,489,0.053316
Raw market,490,0.053555
Raw market,491,0.05382
Raw market,492,0.05439
Raw market,493,0.054595
Raw market,494,0.05496
Raw market,495,0.0555
Raw market,496,0.055621
Raw market,497,0.055736
Raw market,498,0.056242
Raw market,499,0.056433
Raw market,500,0.056487
Raw market,501,0.056702
Raw market,502,0.056785
Raw market,503,0.05854
Raw market,504,0.058745
Raw market,505,0.058836
Raw market,506,0.059279
Raw market,507,0.059367
Raw market,508,0.059553
Raw market,509,0.059579
Raw market,510,0.060111
Raw market,511,0.060827
Raw market,512,0.060882
Raw market,513,0.061712
Raw market,514,0.061784
Raw market,515,0.06179
Raw market,516,0.061969
Raw market,517,0.062129
Raw market,518,0.062168
Raw market,519,0.062246
Raw market,520,0.062633
Raw market,521,0.062844
Raw market,522,0.063808
Raw market,523,0.064643
Raw market,524,0.064842
Raw market,525,0.065559
Raw market,526,0.067176
Raw market,527,0.067364
Raw market,528,0.067375
Raw market,529,0.067555
Raw market,530,0.067604
Raw market,531,0.067644
Raw market,532,0.068111
Raw market,533,0.068601
Raw market,534,0.068939
Raw market,535,0.06909
Raw market,536,0.069253
Raw market,537,0.070214
Raw market,538,0.070659
Raw market,539,0.071394
Raw market,540,0.072684
Raw market,541,0.072744
Raw market,542,0.072956
Raw market,543,0.07331
Raw market,544,0.073803
Raw market,545,0.074248
Raw market,546,0.074371
Raw market,547,0.075854
Raw market,548,0.075876
Raw market,549,0.076543
Raw market,550,0.07708
Raw market,551,0.077578
Raw market,552,0.077863
Raw market,553,0.077912
Raw market,554,0.078084
Raw market,555,0.079215
Raw market,556,0.080922
Raw market,557,0.081607
Raw market,558,0.081758
Raw market,559,0.08192
Raw market,560,0.082479
Raw market,561,0.082543
Raw market,562,0.082594
Raw market,563,0.083297
Raw market,564,0.083664
Raw market,565,0.083848
Raw market,566,0.084221
Raw market,567,0.084836
Raw market,568,0.085862
Raw market,569,0.087156
Raw market,570,0.08718
Raw market,571,0.088208
Raw market,572,0.088889
Raw market,573,0.089177
Raw market,574,0.089823
Raw market,575,0.090265
Raw market,576,0.090348
Raw market,577,0.090809
Raw market,578,0.090958
Raw market,579,0.091434
Raw market,580,0.0929
Raw market,581,0.093237
Raw market,582,0.097923
Raw market,583,0.098237
Raw market,584,0.098474
Raw market,585,0.099073
Raw market,586,0.099434
Raw market,587,0.100571
Raw market,588,0.101335
Raw market,589,0.103451
Raw market,590,0.103942
Raw market,591,0.10427
Raw market,592,0.105774
Raw market,593,0.106391
Raw market,594,0.106564
Raw market,595,0.106852
Raw market,596,0.107359
Raw market,597,0.110708
Raw market,598,0.111683
Raw market,599,0.112861
Raw market,600,0.11394
Raw market,601,0.114179
Raw market,602,0.11468
Raw market,603,0.115972
Raw market,604,0.117496
Raw market,605,0.117846
Raw market,606,0.119464
Raw market,607,0.120351
Raw market,608,0.120448
Raw market,609,0.121637
Raw market,610,0.12397
Raw market,611,0.124167
Raw market,612,0.126891
Raw market,613,0.128021
Raw market,614,0.128976
Raw market,615,0.130439
Raw market,616,0.130821
Raw market,617,0.130916
Raw market,618,0.135669
Raw market,619,0.135827
Raw market,620,0.137023
Raw market,621,0.13733
Raw market,622,0.138762
Raw market,623,0.139275
Raw market,624,0.140029
Raw market,625,0.140099
Raw market,626,0.140214
Raw market,627,0.141914
Raw market,628,0.144579
Raw market,629,0.145008
Raw market,630,0.145291
Raw market,631,0.145554
Raw market,632,0.151419
Raw market,633,0.151465
Raw market,634,0.151822
Raw market,635,0.15511
Raw market,636,0.15559
Raw market,637,0.155726
Raw market,638,0.156434
Raw market,639,0.158503
Raw market,640,0.16241
Raw market,641,0.167126
Raw market,642,0.172262
Raw market,643,0.183042
Raw market,644,0.187612
Raw market,645,0.189387
Raw market,646,0.193249
Raw market,647,0.195388
Raw market,648,0.200683
Raw market,649,0.202141
Raw market,650,0.206803
Raw market,651,0.21126
Raw market,652,0.212282
Raw market,653,0.213977
Raw market,654,0.224095
Raw market,655,0.229443
Raw market,656,0.235662
Raw market,657,0.245733
Raw market,658,0.257813
Raw market,659,0.279391
Raw market,660,0.286735
Raw market,661,0.28675
Raw market,662,0.292707
Raw market,663,0.303016
Raw market,664,0.35577
Raw market,665,0.359445
Raw market,666,0.363732
Raw market,667,0.36468
Raw market,668,0.373827
Raw market,669,0.389014
Raw market,670,0.400164
Raw market,671,0.40983
Raw market,672,0.410903
Raw market,673,0.419404
Raw market,674,0.440642
Raw market,675,0.454545
Raw market,676,0.587794
Raw market,677,0.620194
Raw market,678,0.634074
Raw market,679,0.672434
Raw market,680,0.678189
Raw market,681,0.707604
Raw market,682,0.711338
Raw market,683,0.76535
Raw market,684,0.838984
Raw market,685,1.015082
Adjusted old profile,0,-0.189499
Adjusted old profile,1,-0.187172
Adjusted old profile,2,-0.184011
Adjusted old profile,3,-0.178577
Adjusted old profile,4,-0.175804
Adjusted old profile,5,-0.162516
Adjusted old profile,6,-0.146011
Adjusted old profile,7,-0.125745
Adjusted old profile,8,-0.120254
Adjusted old profile,9,-0.103762
Adjusted old profile,10,-0.102579
Adjusted old profile,11,-0.100795
Adjusted old profile,12,-0.100649
Adjusted old profile,13,-0.099088
Adjusted old profile,14,-0.094473
Adjusted old profile,15,-0.092961
Adjusted old profile,16,-0.092465
Adjusted old profile,17,-0.088034
Adjusted old profile,18,-0.087728
Adjusted old profile,19,-0.087143
Adjusted old profile,20,-0.085331
Adjusted old profile,21,-0.083473
Adjusted old profile,22,-0.083043
Adjusted old profile,23,-0.08283
Adjusted old profile,24,-0.082412
Adjusted old profile,25,-0.081781
Adjusted old profile,26,-0.081478
Adjusted old profile,27,-0.081203
Adjusted old profile,28,-0.080892
Adjusted old profile,29,-0.080693
Adjusted old profile,30,-0.080655
Adjusted old profile,31,-0.079871
Adjusted old profile,32,-0.079125
Adjusted old profile,33,-0.078424
Adjusted old profile,34,-0.078387
Adjusted old profile,35,-0.078001
Adjusted old profile,36,-0.077705
Adjusted old profile,37,-0.07578
Adjusted old profile,38,-0.075339
Adjusted old profile,39,-0.075016
Adjusted old profile,40,-0.073021
Adjusted old profile,41,-0.070631
Adjusted old profile,42,-0.070286
Adjusted old profile,43,-0.069777
Adjusted old profile,44,-0.069541
Adjusted old profile,45,-0.068194
Adjusted old profile,46,-0.066778
Adjusted old profile,47,-0.066597
Adjusted old profile,48,-0.064611
Adjusted old profile,49,-0.064296
Adjusted old profile,50,-0.063458
Adjusted old profile,51,-0.063179
Adjusted old profile,52,-0.062673
Adjusted old profile,53,-0.062086
Adjusted old profile,54,-0.061754
Adjusted old profile,55,-0.060124
Adjusted old profile,56,-0.059955
Adjusted old profile,57,-0.059805
Adjusted old profile,58,-0.059533
Adjusted old profile,59,-0.059316
Adjusted old profile,60,-0.058978
Adjusted old profile,61,-0.058506
Adjusted old profile,62,-0.058461
Adjusted old profile,63,-0.058224
Adjusted old profile,64,-0.058175
Adjusted old profile,65,-0.057899
Adjusted old profile,66,-0.057474
Adjusted old profile,67,-0.057105
Adjusted old profile,68,-0.056605
Adjusted old profile,69,-0.055745
Adjusted old profile,70,-0.055446
Adjusted old profile,71,-0.05488
Adjusted old profile,72,-0.054786
Adjusted old profile,73,-0.054762
Adjusted old profile,74,-0.053333
Adjusted old profile,75,-0.053108
Adjusted old profile,76,-0.053059
Adjusted old profile,77,-0.052418
Adjusted old profile,78,-0.052009
Adjusted old profile,79,-0.051774
Adjusted old profile,80,-0.051604
Adjusted old profile,81,-0.051036
Adjusted old profile,82,-0.050935
Adjusted old profile,83,-0.050709
Adjusted old profile,84,-0.050142
Adjusted old profile,85,-0.049945
Adjusted old profile,86,-0.049651
Adjusted old profile,87,-0.049244
Adjusted old profile,88,-0.049142
Adjusted old profile,89,-0.04892
Adjusted old profile,90,-0.048776
Adjusted old profile,91,-0.048677
Adjusted old profile,92,-0.048619
Adjusted old profile,93,-0.048317
Adjusted old profile,94,-0.047988
Adjusted old profile,95,-0.047311
Adjusted old profile,96,-0.047304
Adjusted old profile,97,-0.047202
Adjusted old profile,98,-0.047069
Adjusted old profile,99,-0.046709
Adjusted old profile,100,-0.04598
Adjusted old profile,101,-0.045841
Adjusted old profile,102,-0.045697
Adjusted old profile,103,-0.045526
Adjusted old profile,104,-0.045123
Adjusted old profile,105,-0.044416
Adjusted old profile,106,-0.044306
Adjusted old profile,107,-0.044239
Adjusted old profile,108,-0.044231
Adjusted old profile,109,-0.043472
Adjusted old profile,110,-0.043239
Adjusted old profile,111,-0.043162
Adjusted old profile,112,-0.042501
Adjusted old profile,113,-0.042313
Adjusted old profile,114,-0.041909
Adjusted old profile,115,-0.041801
Adjusted old profile,116,-0.041794
Adjusted old profile,117,-0.041641
Adjusted old profile,118,-0.041258
Adjusted old profile,119,-0.041228
Adjusted old profile,120,-0.040301
Adjusted old profile,121,-0.040221
Adjusted old profile,122,-0.039991
Adjusted old profile,123,-0.03901
Adjusted old profile,124,-0.03874
Adjusted old profile,125,-0.038712
Adjusted old profile,126,-0.038697
Adjusted old profile,127,-0.038531
Adjusted old profile,128,-0.038498
Adjusted old profile,129,-0.038122
Adjusted old profile,130,-0.037999
Adjusted old profile,131,-0.037985
Adjusted old profile,132,-0.037972
Adjusted old profile,133,-0.037719
Adjusted old profile,134,-0.037214
Adjusted old profile,135,-0.037133
Adjusted old profile,136,-0.036713
Adjusted old profile,137,-0.036346
Adjusted old profile,138,-0.036222
Adjusted old profile,139,-0.035167
Adjusted old profile,140,-0.034972
Adjusted old profile,141,-0.03495
Adjusted old profile,142,-0.034594
Adjusted old profile,143,-0.034456
Adjusted old profile,144,-0.034334
Adjusted old profile,145,-0.034054
Adjusted old profile,146,-0.033981
Adjusted old profile,147,-0.033536
Adjusted old profile,148,-0.03337
Adjusted old profile,149,-0.033355
Adjusted old profile,150,-0.032895
Adjusted old profile,151,-0.032368
Adjusted old profile,152,-0.031771
Adjusted old profile,153,-0.031497
Adjusted old profile,154,-0.031451
Adjusted old profile,155,-0.031358
Adjusted old profile,156,-0.031348
Adjusted old profile,157,-0.031227
Adjusted old profile,158,-0.030724
Adjusted old profile,159,-0.029648
Adjusted old profile,160,-0.029143
Adjusted old profile,161,-0.029122
Adjusted old profile,162,-0.029094
Adjusted old profile,163,-0.029041
Adjusted old profile,164,-0.028956
Adjusted old profile,165,-0.028353
Adjusted old profile,166,-0.028301
Adjusted old profile,167,-0.027947
Adjusted old profile,168,-0.027754
Adjusted old profile,169,-0.027416
Adjusted old profile,170,-0.027163
Adjusted old profile,171,-0.025948
Adjusted old profile,172,-0.025795
Adjusted old profile,173,-0.02545
Adjusted old profile,174,-0.025356
Adjusted old profile,175,-0.024691
Adjusted old profile,176,-0.02436
Adjusted old profile,177,-0.024209
Adjusted old profile,178,-0.024206
Adjusted old profile,179,-0.024114
Adjusted old profile,180,-0.024056
Adjusted old profile,181,-0.023699
Adjusted old profile,182,-0.023591
Adjusted old profile,183,-0.023577
Adjusted old profile,184,-0.023489
Adjusted old profile,185,-0.023247
Adjusted old profile,186,-0.022912
Adjusted old profile,187,-0.022541
Adjusted old profile,188,-0.022533
Adjusted old profile,189,-0.022518
Adjusted old profile,190,-0.022484
Adjusted old profile,191,-0.022088
Adjusted old profile,192,-0.021316
Adjusted old profile,193,-0.020807
Adjusted old profile,194,-0.020382
Adjusted old profile,195,-0.020235
Adjusted old profile,196,-0.019954
Adjusted old profile,197,-0.019783
Adjusted old profile,198,-0.019155
Adjusted old profile,199,-0.01912
Adjusted old profile,200,-0.019066
Adjusted old profile,201,-0.018786
Adjusted old profile,202,-0.018018
Adjusted old profile,203,-0.017979
Adjusted old profile,204,-0.017778
Adjusted old profile,205,-0.017612
Adjusted old profile,206,-0.017506
Adjusted old profile,207,-0.0174
Adjusted old profile,208,-0.01708
Adjusted old profile,209,-0.016797
Adjusted old profile,210,-0.016753
Adjusted old profile,211,-0.016663
Adjusted old profile,212,-0.016597
Adjusted old profile,213,-0.016378
Adjusted old profile,214,-0.016372
Adjusted old profile,215,-0.016317
Adjusted old profile,216,-0.016087
Adjusted old profile,217,-0.016013
Adjusted old profile,218,-0.015897
Adjusted old profile,219,-0.015828
Adjusted old profile,220,-0.015803
Adjusted old profile,221,-0.015475
Adjusted old profile,222,-0.015387
Adjusted old profile,223,-0.015265
Adjusted old profile,224,-0.015194
Adjusted old profile,225,-0.014813
Adjusted old profile,226,-0.014746
Adjusted old profile,227,-0.014143
Adjusted old profile,228,-0.01405
Adjusted old profile,229,-0.013988
Adjusted old profile,230,-0.013945
Adjusted old profile,231,-0.013927
Adjusted old profile,232,-0.013838
Adjusted old profile,233,-0.013743
Adjusted old profile,234,-0.013699
Adjusted old profile,235,-0.013694
Adjusted old profile,236,-0.012074
Adjusted old profile,237,-0.011501
Adjusted old profile,238,-0.011335
Adjusted old profile,239,-0.011276
Adjusted old profile,240,-0.011142
Adjusted old profile,241,-0.011111
Adjusted old profile,242,-0.010995
Adjusted old profile,243,-0.010848
Adjusted old profile,244,-0.01081
Adjusted old profile,245,-0.010633
Adjusted old profile,246,-0.009882
Adjusted old profile,247,-0.009511
Adjusted old profile,248,-0.009301
Adjusted old profile,249,-0.009286
Adjusted old profile,250,-0.009266
Adjusted old profile,251,-0.00926
Adjusted old profile,252,-0.009191
Adjusted old profile,253,-0.009007
Adjusted old profile,254,-0.008977
Adjusted old profile,255,-0.008942
Adjusted old profile,256,-0.008906
Adjusted old profile,257,-0.00826
Adjusted old profile,258,-0.008251
Adjusted old profile,259,-0.008078
Adjusted old profile,260,-0.007726
Adjusted old profile,261,-0.007388
Adjusted old profile,262,-0.007162
Adjusted old profile,263,-0.007053
Adjusted old profile,264,-0.00654
Adjusted old profile,265,-0.006406
Adjusted old profile,266,-0.006279
Adjusted old profile,267,-0.006222
Adjusted old profile,268,-0.006
Adjusted old profile,269,-0.005762
Adjusted old profile,270,-0.005632
Adjusted old profile,271,-0.005357
Adjusted old profile,272,-0.005103
Adjusted old profile,273,-0.004815
Adjusted old profile,274,-0.004507
Adjusted old profile,275,-0.004401
Adjusted old profile,276,-0.004356
Adjusted old profile,277,-0.004315
Adjusted old profile,278,-0.004306
Adjusted old profile,279,-0.004151
Adjusted old profile,280,-0.004063
Adjusted old profile,281,-0.00391
Adjusted old profile,282,-0.003553
Adjusted old profile,283,-0.003509
Adjusted old profile,284,-0.003464
Adjusted old profile,285,-0.003418
Adjusted old profile,286,-0.003152
Adjusted old profile,287,-0.002822
Adjusted old profile,288,-0.002808
Adjusted old profile,289,-0.002625
Adjusted old profile,290,-0.002028
Adjusted old profile,291,-0.002002
Adjusted old profile,292,-0.001955
Adjusted old profile,293,-0.001832
Adjusted old profile,294,-0.001819
Adjusted old profile,295,-0.001388
Adjusted old profile,296,-0.00134
Adjusted old profile,297,-0.001331
Adjusted old profile,298,-0.001082
Adjusted old profile,299,-0.001005
Adjusted old profile,300,-0.000809
Adjusted old profile,301,-0.0007
Adjusted old profile,302,-0.000562
Adjusted old profile,303,-0.000475
Adjusted old profile,304,-0.000405
Adjusted old profile,305,-0.000349
Adjusted old profile,306,-3.3e-05
Adjusted old profile,307,-2.2e-05
Adjusted old profile,308,0.0
Adjusted old profile,309,0.0
Adjusted old profile,310,1e-06
Adjusted old profile,311,9.4e-05
Adjusted old profile,312,0.000281
Adjusted old profile,313,0.00046
Adjusted old profile,314,0.000932
Adjusted old profile,315,0.001496
Adjusted old profile,316,0.001695
Adjusted old profile,317,0.001731
Adjusted old profile,318,0.001921
Adjusted old profile,319,0.002439
Adjusted old profile,320,0.00258
Adjusted old profile,321,0.002862
Adjusted old profile,322,0.003149
Adjusted old profile,323,0.003708
Adjusted old profile,324,0.003786
Adjusted old profile,325,0.003832
Adjusted old profile,326,0.003993
Adjusted old profile,327,0.004311
Adjusted old profile,328,0.004337
Adjusted old profile,329,0.004344
Adjusted old profile,330,0.004472
Adjusted old profile,331,0.004566
Adjusted old profile,332,0.004792
Adjusted old profile,333,0.004943
Adjusted old profile,334,0.004963
Adjusted old profile,335,0.005363
Adjusted old profile,336,0.005371
Adjusted old profile,337,0.005975
Adjusted old profile,338,0.006181
Adjusted old profile,339,0.006911
Adjusted old profile,340,0.00727
Adjusted old profile,341,0.007387
Adjusted old profile,342,0.007495
Adjusted old profile,343,0.007554
Adjusted old profile,344,0.007626
Adjusted old profile,345,0.007839
Adjusted old profile,346,0.007932
Adjusted old profile,347,0.008023
Adjusted old profile,348,0.008159
Adjusted old profile,349,0.008749
Adjusted old profile,350,0.008789
Adjusted old profile,351,0.008875
Adjusted old profile,352,0.008896
Adjusted old profile,353,0.009123
Adjusted old profile,354,0.009129
Adjusted old profile,355,0.00917
Adjusted old profile,356,0.009309
Adjusted old profile,357,0.009433
Adjusted old profile,358,0.009633
Adjusted old profile,359,0.010085
Adjusted old profile,360,0.010592
Adjusted old profile,361,0.010778
Adjusted old profile,362,0.01087
Adjusted old profile,363,0.011144
Adjusted old profile,364,0.011177
Adjusted old profile,365,0.011241
Adjusted old profile,366,0.011778
Adjusted old profile,367,0.011825
Adjusted old profile,368,0.011981
Adjusted old profile,369,0.012367
Adjusted old profile,370,0.012512
Adjusted old profile,371,0.012552
Adjusted old profile,372,0.012991
Adjusted old profile,373,0.013081
Adjusted old profile,374,0.013275
Adjusted old profile,375,0.013561
Adjusted old profile,376,0.013802
Adjusted old profile,377,0.01402
Adjusted old profile,378,0.014163
Adjusted old profile,379,0.014244
Adjusted old profile,380,0.014333
Adjusted old profile,381,0.014438
Adjusted old profile,382,0.014452
Adjusted old profile,383,0.014932
Adjusted old profile,384,0.015105
Adjusted old profile,385,0.01517
Adjusted old profile,386,0.015673
Adjusted old profile,387,0.015814
Adjusted old profile,388,0.015946
Adjusted old profile,389,0.016375
Adjusted old profile,390,0.016467
Adjusted old profile,391,0.016718
Adjusted old profile,392,0.016897
Adjusted old profile,393,0.016959
Adjusted old profile,394,0.01728
Adjusted old profile,395,0.017403
Adjusted old profile,396,0.018074
Adjusted old profile,397,0.018371
Adjusted old profile,398,0.018835
Adjusted old profile,399,0.019189
Adjusted old profile,400,0.019331
Adjusted old profile,401,0.019601
Adjusted old profile,402,0.019709
Adjusted old profile,403,0.019728
Adjusted old profile,404,0.019801
Adjusted old profile,405,0.020789
Adjusted old profile,406,0.020819
Adjusted old profile,407,0.020923
Adjusted old profile,408,0.021177
Adjusted old profile,409,0.021237
Adjusted old profile,410,0.021496
Adjusted old profile,411,0.021694
Adjusted old profile,412,0.02177
Adjusted old profile,413,0.021933
Adjusted old profile,414,0.022286
Adjusted old profile,415,0.022777
Adjusted old profile,416,0.022892
Adjusted old profile,417,0.022945
Adjusted old profile,418,0.022978
Adjusted old profile,419,0.023137
Adjusted old profile,420,0.023325
Adjusted old profile,421,0.023701
Adjusted old profile,422,0.023811
Adjusted old profile,423,0.023975
Adjusted old profile,424,0.024395
Adjusted old profile,425,0.024435
Adjusted old profile,426,0.024459
Adjusted old profile,427,0.024529
Adjusted old profile,428,0.024543
Adjusted old profile,429,0.024907
Adjusted old profile,430,0.025038
Adjusted old profile,431,0.025324
Adjusted old profile,432,0.025881
Adjusted old profile,433,0.026098
Adjusted old profile,434,0.026594
Adjusted old profile,435,0.026769
Adjusted old profile,436,0.02704
Adjusted old profile,437,0.027065
Adjusted old profile,438,0.027823
Adjusted old profile,439,0.027949
Adjusted old profile,440,0.02835
Adjusted old profile,441,0.028395
Adjusted old profile,442,0.028767
Adjusted old profile,443,0.028916
Adjusted old profile,444,0.029699
Adjusted old profile,445,0.029782
Adjusted old profile,446,0.029879
Adjusted old profile,447,0.029933
Adjusted old profile,448,0.029986
Adjusted old profile,449,0.030253
Adjusted old profile,450,0.030322
Adjusted old profile,451,0.030689
Adjusted old profile,452,0.030981
Adjusted old profile,453,0.031026
Adjusted old profile,454,0.031242
Adjusted old profile,455,0.031257
Adjusted old profile,456,0.031329
Adjusted old profile,457,0.031495
Adjusted old profile,458,0.031718
Adjusted old profile,459,0.031921
Adjusted old profile,460,0.032158
Adjusted old profile,461,0.032463
Adjusted old profile,462,0.032788
Adjusted old profile,463,0.033219
Adjusted old profile,464,0.033771
Adjusted old profile,465,0.033811
Adjusted old profile,466,0.03384
Adjusted old profile,467,0.034137
Adjusted old profile,468,0.034181
Adjusted old profile,469,0.034423
Adjusted old profile,470,0.03445
Adjusted old profile,471,0.034455
Adjusted old profile,472,0.034682
Adjusted old profile,473,0.0347
Adjusted old profile,474,0.034718
Adjusted old profile,475,0.035156
Adjusted old profile,476,0.035381
Adjusted old profile,477,0.035385
Adjusted old profile,478,0.03554
Adjusted old profile,479,0.035561
Adjusted old profile,480,0.035595
Adjusted old profile,481,0.035893
Adjusted old profile,482,0.036039
Adjusted old profile,483,0.036239
Adjusted old profile,484,0.036859
Adjusted old profile,485,0.037655
Adjusted old profile,486,0.037692
Adjusted old profile,487,0.037853
Adjusted old profile,488,0.037985
Adjusted old profile,489,0.038059
Adjusted old profile,490,0.038348
Adjusted old profile,491,0.038592
Adjusted old profile,492,0.0386
Adjusted old profile,493,0.039024
Adjusted old profile,494,0.039071
Adjusted old profile,495,0.040028
Adjusted old profile,496,0.040593
Adjusted old profile,497,0.040672
Adjusted old profile,498,0.040843
Adjusted old profile,499,0.040924
Adjusted old profile,500,0.041201
Adjusted old profile,501,0.042053
Adjusted old profile,502,0.042249
Adjusted old profile,503,0.042383
Adjusted old profile,504,0.042461
Adjusted old profile,505,0.042487
Adjusted old profile,506,0.043495
Adjusted old profile,507,0.043501
Adjusted old profile,508,0.043722
Adjusted old profile,509,0.04413
Adjusted old profile,510,0.044249
Adjusted old profile,511,0.044304
Adjusted old profile,512,0.044659
Adjusted old profile,513,0.045529
Adjusted old profile,514,0.045842
Adjusted old profile,515,0.046097
Adjusted old profile,516,0.046491
Adjusted old profile,517,0.046595
Adjusted old profile,518,0.046958
Adjusted old profile,519,0.047084
Adjusted old profile,520,0.047379
Adjusted old profile,521,0.047551
Adjusted old profile,522,0.047575
Adjusted old profile,523,0.047695
Adjusted old profile,524,0.047932
Adjusted old profile,525,0.048712
Adjusted old profile,526,0.049466
Adjusted old profile,527,0.049668
Adjusted old profile,528,0.04983
Adjusted old profile,529,0.049972
Adjusted old profile,530,0.051346
Adjusted old profile,531,0.052217
Adjusted old profile,532,0.052418
Adjusted old profile,533,0.053895
Adjusted old profile,534,0.053896
Adjusted old profile,535,0.054553
Adjusted old profile,536,0.054669
Adjusted old profile,537,0.054847
Adjusted old profile,538,0.055465
Adjusted old profile,539,0.055598
Adjusted old profile,540,0.056072
Adjusted old profile,541,0.056238
Adjusted old profile,542,0.056259
Adjusted old profile,543,0.056486
Adjusted old profile,544,0.056676
Adjusted old profile,545,0.057149
Adjusted old profile,546,0.05721
Adjusted old profile,547,0.057348
Adjusted old profile,548,0.057542
Adjusted old profile,549,0.057585
Adjusted old profile,550,0.057818
Adjusted old profile,551,0.058291
Adjusted old profile,552,0.058525
Adjusted old profile,553,0.058925
Adjusted old profile,554,0.059627
Adjusted old profile,555,0.05987
Adjusted old profile,556,0.060325
Adjusted old profile,557,0.060432
Adjusted old profile,558,0.060781
Adjusted old profile,559,0.060837
Adjusted old profile,560,0.060998
Adjusted old profile,561,0.062062
Adjusted old profile,562,0.062349
Adjusted old profile,563,0.062471
Adjusted old profile,564,0.062524
Adjusted old profile,565,0.063184
Adjusted old profile,566,0.063656
Adjusted old profile,567,0.063741
Adjusted old profile,568,0.06425
Adjusted old profile,569,0.064395
Adjusted old profile,570,0.064479
Adjusted old profile,571,0.064576
Adjusted old profile,572,0.064999
Adjusted old profile,573,0.066087
Adjusted old profile,574,0.066411
Adjusted old profile,575,0.066822
Adjusted old profile,576,0.066978
Adjusted old profile,577,0.068303
Adjusted old profile,578,0.068658
Adjusted old profile,579,0.069197
Adjusted old profile,580,0.069437
Adjusted old profile,581,0.06978
Adjusted old profile,582,0.070109
Adjusted old profile,583,0.070308
Adjusted old profile,584,0.072837
Adjusted old profile,585,0.072954
Adjusted old profile,586,0.073598
Adjusted old profile,587,0.073811
Adjusted old profile,588,0.074205
Adjusted old profile,589,0.07442
Adjusted old profile,590,0.075136
Adjusted old profile,591,0.075732
Adjusted old profile,592,0.075866
Adjusted old profile,593,0.076481
Adjusted old profile,594,0.076868
Adjusted old profile,595,0.076982
Adjusted old profile,596,0.077169
Adjusted old profile,597,0.07751
Adjusted old profile,598,0.077676
Adjusted old profile,599,0.079245
Adjusted old profile,600,0.079318
Adjusted old profile,601,0.079763
Adjusted old profile,602,0.079984
Adjusted old profile,603,0.080261
Adjusted old profile,604,0.081116
Adjusted old profile,605,0.08125
Adjusted old profile,606,0.081381
Adjusted old profile,607,0.082645
Adjusted old profile,608,0.082889
Adjusted old profile,609,0.083857
Adjusted old profile,610,0.084322
Adjusted old profile,611,0.084861
Adjusted old profile,612,0.085957
Adjusted old profile,613,0.085993
Adjusted old profile,614,0.08605
Adjusted old profile,615,0.086608
Adjusted old profile,616,0.087086
Adjusted old profile,617,0.088853
Adjusted old profile,618,0.088974
Adjusted old profile,619,0.091695
Adjusted old profile,620,0.093196
Adjusted old profile,621,0.094825
Adjusted old profile,622,0.095312
Adjusted old profile,623,0.095825
Adjusted old profile,624,0.096002
Adjusted old profile,625,0.098423
Adjusted old profile,626,0.098874
Adjusted old profile,627,0.099198
Adjusted old profile,628,0.101128
Adjusted old profile,629,0.101738
Adjusted old profile,630,0.102304
Adjusted old profile,631,0.103534
Adjusted old profile,632,0.104677
Adjusted old profile,633,0.106291
Adjusted old profile,634,0.106468
Adjusted old profile,635,0.106908
Adjusted old profile,636,0.107413
Adjusted old profile,637,0.107634
Adjusted old profile,638,0.108749
Adjusted old profile,639,0.10891
Adjusted old profile,640,0.109305
Adjusted old profile,641,0.112144
Adjusted old profile,642,0.112558
Adjusted old profile,643,0.113295
Adjusted old profile,644,0.115033
Adjusted old profile,645,0.116543
Adjusted old profile,646,0.116552
Adjusted old profile,647,0.117552
Adjusted old profile,648,0.118562
Adjusted old profile,649,0.119422
Adjusted old profile,650,0.119746
Adjusted old profile,651,0.120081
Adjusted old profile,652,0.121602
Adjusted old profile,653,0.121738
Adjusted old profile,654,0.12499
Adjusted old profile,655,0.133281
Adjusted old profile,656,0.134557
Adjusted old profile,657,0.136676
Adjusted old profile,658,0.137774
Adjusted old profile,659,0.13941
Adjusted old profile,660,0.144106
Adjusted old profile,661,0.144444
Adjusted old profile,662,0.144995
Adjusted old profile,663,0.146908
Adjusted old profile,664,0.149408
Adjusted old profile,665,0.151252
Adjusted old profile,666,0.151828
Adjusted old profile,667,0.154691
Adjusted old profile,668,0.159389
Adjusted old profile,669,0.160768
Adjusted old profile,670,0.16308
Adjusted old profile,671,0.164557
Adjusted old profile,672,0.172148
Adjusted old profile,673,0.176635
Adjusted old profile,674,0.18449
Adjusted old profile,675,0.187885
Adjusted old profile,676,0.1964
Adjusted old profile,677,0.203977
Adjusted old profile,678,0.205321
Adjusted old profile,679,0.211738
Adjusted old profile,680,0.226545
Adjusted old profile,681,0.253662
Adjusted old profile,682,0.25523
Adjusted old profile,683,0.286214
Adjusted old profile,684,0.320483
Adjusted old profile,685,0.371703
Adjusted new profile,0,-0.204764
Adjusted new profile,1,-0.202251
Adjusted new profile,2,-0.198835
Adjusted new profile,3,-0.192963
Adjusted new profile,4,-0.189967
Adjusted new profile,5,-0.175608
Adjusted new profile,6,-0.157774
Adjusted new profile,7,-0.135875
Adjusted new profile,8,-0.129942
Adjusted new profile,9,-0.112121
Adjusted new profile,10,-0.110843
Adjusted new profile,11,-0.108915
Adjusted new profile,12,-0.108757
Adjusted new profile,13,-0.107071
Adjusted new profile,14,-0.102083
Adjusted new profile,15,-0.10045
Adjusted new profile,16,-0.099914
Adjusted new profile,17,-0.095126
Adjusted new profile,18,-0.094795
Adjusted new profile,19,-0.094164
Adjusted new profile,20,-0.092206
Adjusted new profile,21,-0.090198
Adjusted new profile,22,-0.089732
Adjusted new profile,23,-0.089502
Adjusted new profile,24,-0.089051
Adjusted new profile,25,-0.088369
Adjusted new profile,26,-0.088042
Adjusted new profile,27,-0.087745
Adjusted new profile,28,-0.087409
Adjusted new profile,29,-0.087193
Adjusted new profile,30,-0.087153
Adjusted new profile,31,-0.086306
Adjusted new profile,32,-0.0855
Adjusted new profile,33,-0.084742
Adjusted new profile,34,-0.084702
Adjusted new profile,35,-0.084284
Adjusted new profile,36,-0.083964
Adjusted new profile,37,-0.081884
Adjusted new profile,38,-0.081409
Adjusted new profile,39,-0.08106
Adjusted new profile,40,-0.078903
Adjusted new profile,41,-0.076321
Adjusted new profile,42,-0.075948
Adjusted new profile,43,-0.075398
Adjusted new profile,44,-0.075143
Adjusted new profile,45,-0.073688
Adjusted new profile,46,-0.072158
Adjusted new profile,47,-0.071962
Adjusted new profile,48,-0.069816
Adjusted new profile,49,-0.069476
Adjusted new profile,50,-0.06857
Adjusted new profile,51,-0.068269
Adjusted new profile,52,-0.067722
Adjusted new profile,53,-0.067088
Adjusted new profile,54,-0.066729
Adjusted new profile,55,-0.064968
Adjusted new profile,56,-0.064785
Adjusted new profile,57,-0.064623
Adjusted new profile,58,-0.064329
Adjusted new profile,59,-0.064094
Adjusted new profile,60,-0.063729
Adjusted new profile,61,-0.063219
Adjusted new profile,62,-0.063171
Adjusted new profile,63,-0.062914
Adjusted new profile,64,-0.062862
Adjusted new profile,65,-0.062564
Adjusted new profile,66,-0.062104
Adjusted new profile,67,-0.061705
Adjusted new profile,68,-0.061165
Adjusted new profile,69,-0.060235
Adjusted new profile,70,-0.059912
Adjusted new profile,71,-0.059301
Adjusted new profile,72,-0.059199
Adjusted new profile,73,-0.059174
Adjusted new profile,74,-0.05763
Adjusted new profile,75,-0.057387
Adjusted new profile,76,-0.057334
Adjusted new profile,77,-0.05664
Adjusted new profile,78,-0.056199
Adjusted new profile,79,-0.055945
Adjusted new profile,80,-0.055762
Adjusted new profile,81,-0.055147
Adjusted new profile,82,-0.055038
Adjusted new profile,83,-0.054794
Adjusted new profile,84,-0.054182
Adjusted new profile,85,-0.053969
Adjusted new profile,86,-0.053651
Adjusted new profile,87,-0.053212
Adjusted new profile,88,-0.053101
Adjusted new profile,89,-0.05286
Adjusted new profile,90,-0.052705
Adjusted new profile,91,-0.052599
Adjusted new profile,92,-0.052536
Adjusted new profile,93,-0.05221
Adjusted new profile,94,-0.051854
Adjusted new profile,95,-0.051122
Adjusted new profile,96,-0.051115
Adjusted new profile,97,-0.051004
Adjusted new profile,98,-0.05086
Adjusted new profile,99,-0.050472
Adjusted new profile,100,-0.049684
Adjusted new profile,101,-0.049534
Adjusted new profile,102,-0.049378
Adjusted new profile,103,-0.049194
Adjusted new profile,104,-0.048758
Adjusted new profile,105,-0.047994
Adjusted new profile,106,-0.047876
Adjusted new profile,107,-0.047803
Adjusted new profile,108,-0.047794
Adjusted new profile,109,-0.046974
Adjusted new profile,110,-0.046722
Adjusted new profile,111,-0.046639
Adjusted new profile,112,-0.045924
Adjusted new profile,113,-0.045722
Adjusted new profile,114,-0.045285
Adjusted new profile,115,-0.045169
Adjusted new profile,116,-0.045161
Adjusted new profile,117,-0.044995
Adjusted new profile,118,-0.044582
Adjusted new profile,119,-0.044549
Adjusted new profile,120,-0.043548
Adjusted new profile,121,-0.043462
Adjusted new profile,122,-0.043212
Adjusted new profile,123,-0.042153
Adjusted new profile,124,-0.041861
Adjusted new profile,125,-0.04183
Adjusted new profile,126,-0.041815
Adjusted new profile,127,-0.041635
Adjusted new profile,128,-0.0416
Adjusted new profile,129,-0.041193
Adjusted new profile,130,-0.04106
Adjusted new profile,131,-0.041045
Adjusted new profile,132,-0.041031
Adjusted new profile,133,-0.040757
Adjusted new profile,134,-0.040212
Adjusted new profile,135,-0.040124
Adjusted new profile,136,-0.03967
Adjusted new profile,137,-0.039274
Adjusted new profile,138,-0.03914
Adjusted new profile,139,-0.038
Adjusted new profile,140,-0.03779
Adjusted new profile,141,-0.037765
Adjusted new profile,142,-0.037381
Adjusted new profile,143,-0.037231
Adjusted new profile,144,-0.0371
Adjusted new profile,145,-0.036797
Adjusted new profile,146,-0.036718
Adjusted new profile,147,-0.036238
Adjusted new profile,148,-0.036059
Adjusted new profile,149,-0.036042
Adjusted new profile,150,-0.035545
Adjusted new profile,151,-0.034975
Adjusted new profile,152,-0.034331
Adjusted new profile,153,-0.034034
Adjusted new profile,154,-0.033984
Adjusted new profile,155,-0.033884
Adjusted new profile,156,-0.033874
Adjusted new profile,157,-0.033743
Adjusted new profile,158,-0.033199
Adjusted new profile,159,-0.032036
Adjusted new profile,160,-0.031491
Adjusted new profile,161,-0.031468
Adjusted new profile,162,-0.031437
Adjusted new profile,163,-0.03138
Adjusted new profile,164,-0.031289
Adjusted new profile,165,-0.030637
Adjusted new profile,166,-0.030581
Adjusted new profile,167,-0.030199
Adjusted new profile,168,-0.02999
Adjusted new profile,169,-0.029625
Adjusted new profile,170,-0.029351
Adjusted new profile,171,-0.028038
Adjusted new profile,172,-0.027873
Adjusted new profile,173,-0.0275
Adjusted new profile,174,-0.027399
Adjusted new profile,175,-0.02668
Adjusted new profile,176,-0.026323
Adjusted new profile,177,-0.026159
Adjusted new profile,178,-0.026156
Adjusted new profile,179,-0.026056
Adjusted new profile,180,-0.025994
Adjusted new profile,181,-0.025608
Adjusted new profile,182,-0.025492
Adjusted new profile,183,-0.025476
Adjusted new profile,184,-0.025381
Adjusted new profile,185,-0.02512
Adjusted new profile,186,-0.024758
Adjusted new profile,187,-0.024357
Adjusted new profile,188,-0.024348
Adjusted new profile,189,-0.024332
Adjusted new profile,190,-0.024295
Adjusted new profile,191,-0.023867
Adjusted new profile,192,-0.023033
Adjusted new profile,193,-0.022483
Adjusted new profile,194,-0.022024
Adjusted new profile,195,-0.021866
Adjusted new profile,196,-0.021561
Adjusted new profile,197,-0.021377
Adjusted new profile,198,-0.020698
Adjusted new profile,199,-0.02066
Adjusted new profile,200,-0.020602
Adjusted new profile,201,-0.0203
Adjusted new profile,202,-0.01947
Adjusted new profile,203,-0.019427
Adjusted new profile,204,-0.019211
Adjusted new profile,205,-0.019031
Adjusted new profile,206,-0.018916
Adjusted new profile,207,-0.018802
Adjusted new profile,208,-0.018456
Adjusted new profile,209,-0.01815
Adjusted new profile,210,-0.018103
Adjusted new profile,211,-0.018005
Adjusted new profile,212,-0.017934
Adjusted new profile,213,-0.017697
Adjusted new profile,214,-0.017691
Adjusted new profile,215,-0.017631
Adjusted new profile,216,-0.017383
Adjusted new profile,217,-0.017303
Adjusted new profile,218,-0.017178
Adjusted new profile,219,-0.017104
Adjusted new profile,220,-0.017076
Adjusted new profile,221,-0.016722
Adjusted new profile,222,-0.016626
Adjusted new profile,223,-0.016495
Adjusted new profile,224,-0.016417
Adjusted new profile,225,-0.016006
Adjusted new profile,226,-0.015934
Adjusted new profile,227,-0.015282
Adjusted new profile,228,-0.015182
Adjusted new profile,229,-0.015114
Adjusted new profile,230,-0.015068
Adjusted new profile,231,-0.015049
Adjusted new profile,232,-0.014952
Adjusted new profile,233,-0.01485
Adjusted new profile,234,-0.014802
Adjusted new profile,235,-0.014797
Adjusted new profile,236,-0.013046
Adjusted new profile,237,-0.012427
Adjusted new profile,238,-0.012248
Adjusted new profile,239,-0.012184
Adjusted new profile,240,-0.012039
Adjusted new profile,241,-0.012006
Adjusted new profile,242,-0.01188
Adjusted new profile,243,-0.011722
Adjusted new profile,244,-0.01168
Adjusted new profile,245,-0.011489
Adjusted new profile,246,-0.010678
Adjusted new profile,247,-0.010277
Adjusted new profile,248,-0.01005
Adjusted new profile,249,-0.010034
Adjusted new profile,250,-0.010013
Adjusted new profile,251,-0.010007
Adjusted new profile,252,-0.009931
Adjusted new profile,253,-0.009733
Adjusted new profile,254,-0.009701
Adjusted new profile,255,-0.009662
Adjusted new profile,256,-0.009623
Adjusted new profile,257,-0.008925
Adjusted new profile,258,-0.008916
Adjusted new profile,259,-0.008729
Adjusted new profile,260,-0.008348
Adjusted new profile,261,-0.007983
Adjusted new profile,262,-0.00774
Adjusted new profile,263,-0.007622
Adjusted new profile,264,-0.007067
Adjusted new profile,265,-0.006922
Adjusted new profile,266,-0.006785
Adjusted new profile,267,-0.006724
Adjusted new profile,268,-0.006483
Adjusted new profile,269,-0.006226
Adjusted new profile,270,-0.006085
Adjusted new profile,271,-0.005788
Adjusted new profile,272,-0.005514
Adjusted new profile,273,-0.005203
Adjusted new profile,274,-0.00487
Adjusted new profile,275,-0.004756
Adjusted new profile,276,-0.004707
Adjusted new profile,277,-0.004663
Adjusted new profile,278,-0.004653
Adjusted new profile,279,-0.004486
Adjusted new profile,280,-0.00439
Adjusted new profile,281,-0.004225
Adjusted new profile,282,-0.003839
Adjusted new profile,283,-0.003792
Adjusted new profile,284,-0.003743
Adjusted new profile,285,-0.003693
Adjusted new profile,286,-0.003405
Adjusted new profile,287,-0.003049
Adjusted new profile,288,-0.003034
Adjusted new profile,289,-0.002837
Adjusted new profile,290,-0.002191
Adjusted new profile,291,-0.002163
Adjusted new profile,292,-0.002112
Adjusted new profile,293,-0.001979
Adjusted new profile,294,-0.001966
Adjusted new profile,295,-0.0015
Adjusted new profile,296,-0.001448
Adjusted new profile,297,-0.001438
Adjusted new profile,298,-0.001169
Adjusted new profile,299,-0.001086
Adjusted new profile,300,-0.000875
Adjusted new profile,301,-0.000757
Adjusted new profile,302,-0.000608
Adjusted new profile,303,-0.000514
Adjusted new profile,304,-0.000438
Adjusted new profile,305,-0.000377
Adjusted new profile,306,-3.5e-05
Adjusted new profile,307,-2.4e-05
Adjusted new profile,308,0.0
Adjusted new profile,309,0.0
Adjusted new profile,310,1e-06
Adjusted new profile,311,0.000101
Adjusted new profile,312,0.000304
Adjusted new profile,313,0.000497
Adjusted new profile,314,0.001008
Adjusted new profile,315,0.001617
Adjusted new profile,316,0.001832
Adjusted new profile,317,0.001871
Adjusted new profile,318,0.002076
Adjusted new profile,319,0.002636
Adjusted new profile,320,0.002787
Adjusted new profile,321,0.003093
Adjusted new profile,322,0.003403
Adjusted new profile,323,0.004007
Adjusted new profile,324,0.004091
Adjusted new profile,325,0.00414
Adjusted new profile,326,0.004314
Adjusted new profile,327,0.004658
Adjusted new profile,328,0.004687
Adjusted new profile,329,0.004694
Adjusted new profile,330,0.004832
Adjusted new profile,331,0.004934
Adjusted new profile,332,0.005179
Adjusted new profile,333,0.005341
Adjusted new profile,334,0.005363
Adjusted new profile,335,0.005795
Adjusted new profile,336,0.005803
Adjusted new profile,337,0.006456
Adjusted new profile,338,0.006679
Adjusted new profile,339,0.007468
Adjusted new profile,340,0.007856
Adjusted new profile,341,0.007982
Adjusted new profile,342,0.008099
Adjusted new profile,343,0.008163
Adjusted new profile,344,0.00824
Adjusted new profile,345,0.00847
Adjusted new profile,346,0.008572
Adjusted new profile,347,0.008669
Adjusted new profile,348,0.008816
Adjusted new profile,349,0.009454
Adjusted new profile,350,0.009497
Adjusted new profile,351,0.00959
Adjusted new profile,352,0.009613
Adjusted new profile,353,0.009858
Adjusted new profile,354,0.009865
Adjusted new profile,355,0.009909
Adjusted new profile,356,0.010059
Adjusted new profile,357,0.010193
Adjusted new profile,358,0.010409
Adjusted new profile,359,0.010898
Adjusted new profile,360,0.011445
Adjusted new profile,361,0.011646
Adjusted new profile,362,0.011746
Adjusted new profile,363,0.012041
Adjusted new profile,364,0.012077
Adjusted new profile,365,0.012147
Adjusted new profile,366,0.012726
Adjusted new profile,367,0.012777
Adjusted new profile,368,0.012946
Adjusted new profile,369,0.013364
Adjusted new profile,370,0.01352
Adjusted new profile,371,0.013563
Adjusted new profile,372,0.014037
Adjusted new profile,373,0.014135
Adjusted new profile,374,0.014345
Adjusted new profile,375,0.014654
Adjusted new profile,376,0.014913
Adjusted new profile,377,0.015149
Adjusted new profile,378,0.015304
Adjusted new profile,379,0.015392
Adjusted new profile,380,0.015488
Adjusted new profile,381,0.015601
Adjusted new profile,382,0.015616
Adjusted new profile,383,0.016134
Adjusted new profile,384,0.016322
Adjusted new profile,385,0.016392
Adjusted new profile,386,0.016936
Adjusted new profile,387,0.017087
Adjusted new profile,388,0.01723
Adjusted new profile,389,0.017694
Adjusted new profile,390,0.017794
Adjusted new profile,391,0.018064
Adjusted new profile,392,0.018258
Adjusted new profile,393,0.018325
Adjusted new profile,394,0.018672
Adjusted new profile,395,0.018805
Adjusted new profile,396,0.01953
Adjusted new profile,397,0.019851
Adjusted new profile,398,0.020353
Adjusted new profile,399,0.020735
Adjusted new profile,400,0.020888
Adjusted new profile,401,0.02118
Adjusted new profile,402,0.021296
Adjusted new profile,403,0.021317
Adjusted new profile,404,0.021397
Adjusted new profile,405,0.022464
Adjusted new profile,406,0.022496
Adjusted new profile,407,0.022609
Adjusted new profile,408,0.022883
Adjusted new profile,409,0.022948
Adjusted new profile,410,0.023227
Adjusted new profile,411,0.023442
Adjusted new profile,412,0.023524
Adjusted new profile,413,0.0237
Adjusted new profile,414,0.024081
Adjusted new profile,415,0.024612
Adjusted new profile,416,0.024736
Adjusted new profile,417,0.024794
Adjusted new profile,418,0.024829
Adjusted new profile,419,0.025001
Adjusted new profile,420,0.025204
Adjusted new profile,421,0.025611
Adjusted new profile,422,0.025729
Adjusted new profile,423,0.025907
Adjusted new profile,424,0.02636
Adjusted new profile,425,0.026404
Adjusted new profile,426,0.026429
Adjusted new profile,427,0.026505
Adjusted new profile,428,0.02652
Adjusted new profile,429,0.026914
Adjusted new profile,430,0.027055
Adjusted new profile,431,0.027364
Adjusted new profile,432,0.027966
Adjusted new profile,433,0.028201
Adjusted new profile,434,0.028737
Adjusted new profile,435,0.028926
Adjusted new profile,436,0.029218
Adjusted new profile,437,0.029245
Adjusted new profile,438,0.030064
Adjusted new profile,439,0.030201
Adjusted new profile,440,0.030634
Adjusted new profile,441,0.030683
Adjusted new profile,442,0.031084
Adjusted new profile,443,0.031245
Adjusted new profile,444,0.032091
Adjusted new profile,445,0.032181
Adjusted new profile,446,0.032286
Adjusted new profile,447,0.032344
Adjusted new profile,448,0.032402
Adjusted new profile,449,0.03269
Adjusted new profile,450,0.032764
Adjusted new profile,451,0.033162
Adjusted new profile,452,0.033477
Adjusted new profile,453,0.033525
Adjusted new profile,454,0.033759
Adjusted new profile,455,0.033775
Adjusted new profile,456,0.033853
Adjusted new profile,457,0.034033
Adjusted new profile,458,0.034274
Adjusted new profile,459,0.034492
Adjusted new profile,460,0.034749
Adjusted new profile,461,0.035079
Adjusted new profile,462,0.035429
Adjusted new profile,463,0.035895
Adjusted new profile,464,0.036492
Adjusted new profile,465,0.036534
Adjusted new profile,466,0.036566
Adjusted new profile,467,0.036887
Adjusted new profile,468,0.036935
Adjusted new profile,469,0.037196
Adjusted new profile,470,0.037225
Adjusted new profile,471,0.03723
Adjusted new profile,472,0.037475
Adjusted new profile,473,0.037496
Adjusted new profile,474,0.037514
Adjusted new profile,475,0.037988
Adjusted new profile,476,0.038231
Adjusted new profile,477,0.038235
Adjusted new profile,478,0.038403
Adjusted new profile,479,0.038425
Adjusted new profile,480,0.038462
Adjusted new profile,481,0.038784
Adjusted new profile,482,0.038942
Adjusted new profile,483,0.039158
Adjusted new profile,484,0.039828
Adjusted new profile,485,0.040689
Adjusted new profile,486,0.040728
Adjusted new profile,487,0.040903
Adjusted new profile,488,0.041045
Adjusted new profile,489,0.041125
Adjusted new profile,490,0.041437
Adjusted new profile,491,0.041701
Adjusted new profile,492,0.041709
Adjusted new profile,493,0.042168
Adjusted new profile,494,0.042219
Adjusted new profile,495,0.043252
Adjusted new profile,496,0.043863
Adjusted new profile,497,0.043948
Adjusted new profile,498,0.044134
Adjusted new profile,499,0.044221
Adjusted new profile,500,0.04452
Adjusted new profile,501,0.045441
Adjusted new profile,502,0.045653
Adjusted new profile,503,0.045798
Adjusted new profile,504,0.045882
Adjusted new profile,505,0.04591
Adjusted new profile,506,0.046999
Adjusted new profile,507,0.047005
Adjusted new profile,508,0.047244
Adjusted new profile,509,0.047685
Adjusted new profile,510,0.047814
Adjusted new profile,511,0.047873
Adjusted new profile,512,0.048256
Adjusted new profile,513,0.049197
Adjusted new profile,514,0.049535
Adjusted new profile,515,0.049811
Adjusted new profile,516,0.050237
Adjusted new profile,517,0.050348
Adjusted new profile,518,0.050741
Adjusted new profile,519,0.050877
Adjusted new profile,520,0.051196
Adjusted new profile,521,0.051382
Adjusted new profile,522,0.051408
Adjusted new profile,523,0.051538
Adjusted new profile,524,0.051793
Adjusted new profile,525,0.052636
Adjusted new profile,526,0.053451
Adjusted new profile,527,0.053669
Adjusted new profile,528,0.053844
Adjusted new profile,529,0.053998
Adjusted new profile,530,0.055483
Adjusted new profile,531,0.056424
Adjusted new profile,532,0.056641
Adjusted new profile,533,0.058237
Adjusted new profile,534,0.058238
Adjusted new profile,535,0.058948
Adjusted new profile,536,0.059073
Adjusted new profile,537,0.059266
Adjusted new profile,538,0.059934
Adjusted new profile,539,0.060077
Adjusted new profile,540,0.060589
Adjusted new profile,541,0.060768
Adjusted new profile,542,0.060791
Adjusted new profile,543,0.061036
Adjusted new profile,544,0.061242
Adjusted new profile,545,0.061753
Adjusted new profile,546,0.061819
Adjusted new profile,547,0.061968
Adjusted new profile,548,0.062177
Adjusted new profile,549,0.062224
Adjusted new profile,550,0.062476
Adjusted new profile,551,0.062987
Adjusted new profile,552,0.06324
Adjusted new profile,553,0.063672
Adjusted new profile,554,0.06443
Adjusted new profile,555,0.064693
Adjusted new profile,556,0.065185
Adjusted new profile,557,0.065301
Adjusted new profile,558,0.065678
Adjusted new profile,559,0.065738
Adjusted new profile,560,0.065912
Adjusted new profile,561,0.067062
Adjusted new profile,562,0.067372
Adjusted new profile,563,0.067504
Adjusted new profile,564,0.06756
Adjusted new profile,565,0.068274
Adjusted new profile,566,0.068784
Adjusted new profile,567,0.068876
Adjusted new profile,568,0.069426
Adjusted new profile,569,0.069582
Adjusted new profile,570,0.069674
Adjusted new profile,571,0.069779
Adjusted new profile,572,0.070235
Adjusted new profile,573,0.071411
Adjusted new profile,574,0.071761
Adjusted new profile,575,0.072206
Adjusted new profile,576,0.072374
Adjusted new profile,577,0.073805
Adjusted new profile,578,0.07419
Adjusted new profile,579,0.074771
Adjusted new profile,580,0.075031
Adjusted new profile,581,0.075402
Adjusted new profile,582,0.075757
Adjusted new profile,583,0.075972
Adjusted new profile,584,0.078705
Adjusted new profile,585,0.078831
Adjusted new profile,586,0.079528
Adjusted new profile,587,0.079757
Adjusted new profile,588,0.080183
Adjusted new profile,589,0.080415
Adjusted new profile,590,0.081189
Adjusted new profile,591,0.081833
Adjusted new profile,592,0.081978
Adjusted new profile,593,0.082642
Adjusted new profile,594,0.083061
Adjusted new profile,595,0.083184
Adjusted new profile,596,0.083386
Adjusted new profile,597,0.083755
Adjusted new profile,598,0.083933
Adjusted new profile,599,0.085629
Adjusted new profile,600,0.085707
Adjusted new profile,601,0.086189
Adjusted new profile,602,0.086427
Adjusted new profile,603,0.086727
Adjusted new profile,604,0.087651
Adjusted new profile,605,0.087795
Adjusted new profile,606,0.087937
Adjusted new profile,607,0.089303
Adjusted new profile,608,0.089567
Adjusted new profile,609,0.090612
Adjusted new profile,610,0.091115
Adjusted new profile,611,0.091698
Adjusted new profile,612,0.092881
Adjusted new profile,613,0.092921
Adjusted new profile,614,0.092982
Adjusted new profile,615,0.093586
Adjusted new profile,616,0.094102
Adjusted new profile,617,0.096011
Adjusted new profile,618,0.096142
Adjusted new profile,619,0.099082
Adjusted new profile,620,0.100704
Adjusted new profile,621,0.102464
Adjusted new profile,622,0.10299
Adjusted new profile,623,0.103545
Adjusted new profile,624,0.103736
Adjusted new profile,625,0.106351
Adjusted new profile,626,0.10684
Adjusted new profile,627,0.10719
Adjusted new profile,628,0.109275
Adjusted new profile,629,0.109934
Adjusted new profile,630,0.110546
Adjusted new profile,631,0.111874
Adjusted new profile,632,0.11311
Adjusted new profile,633,0.114854
Adjusted new profile,634,0.115045
Adjusted new profile,635,0.11552
Adjusted new profile,636,0.116066
Adjusted new profile,637,0.116305
Adjusted new profile,638,0.11751
Adjusted new profile,639,0.117684
Adjusted new profile,640,0.118111
Adjusted new profile,641,0.121178
Adjusted new profile,642,0.121626
Adjusted new profile,643,0.122422
Adjusted new profile,644,0.1243
Adjusted new profile,645,0.125932
Adjusted new profile,646,0.125941
Adjusted new profile,647,0.127022
Adjusted new profile,648,0.128113
Adjusted new profile,649,0.129042
Adjusted new profile,650,0.129393
Adjusted new profile,651,0.129754
Adjusted new profile,652,0.131398
Adjusted new profile,653,0.131545
Adjusted new profile,654,0.135059
Adjusted new profile,655,0.144018
Adjusted new profile,656,0.145397
Adjusted new profile,657,0.147686
Adjusted new profile,658,0.148873
Adjusted new profile,659,0.15064
Adjusted new profile,660,0.155715
Adjusted new profile,661,0.15608
Adjusted new profile,662,0.156676
Adjusted new profile,663,0.158743
Adjusted new profile,664,0.161444
Adjusted new profile,665,0.163437
Adjusted new profile,666,0.164059
Adjusted new profile,667,0.167153
Adjusted new profile,668,0.172229
Adjusted new profile,669,0.173719
Adjusted new profile,670,0.176217
Adjusted new profile,671,0.177813
Adjusted new profile,672,0.186016
Adjusted new profile,673,0.190864
Adjusted new profile,674,0.199352
Adjusted new profile,675,0.203021
Adjusted new profile,676,0.212222
Adjusted new profile,677,0.22041
Adjusted new profile,678,0.221862
Adjusted new profile,679,0.228795
Adjusted new profile,680,0.244795
Adjusted new profile,681,0.274097
Adjusted new profile,682,0.275792
Adjusted new profile,683,0.309272
Adjusted new profile,684,0.346301
Adjusted new profile,685,0.401648
