donor_observation_id,S_raw,S_size_old,S_adj_old,S_size_new,S_adj_new
1084_2014,-0.058086,-0.065306,-0.062086,-0.068943,-0.067088
1084_2015,-0.0606,-0.070612,-0.066597,-0.074585,-0.071962
1084_2016,-0.059478,-0.06989,-0.064611,-0.073922,-0.069816
1084_2017,-0.02125,-0.02559,-0.023699,-0.027063,-0.025608
1084_2018,-0.06827,-0.083001,-0.077705,-0.087716,-0.083964
1084_2019,-0.034552,-0.041954,-0.038498,-0.044396,-0.0416
1084_2020,-0.028163,-0.0344,-0.031451,-0.036412,-0.033984
1084_2021,-0.072603,-0.090321,-0.081781,-0.095661,-0.088369
1084_2022,-0.029656,-0.03767,-0.034334,-0.03988,-0.0371
1084_2023,-0.014172,-0.018306,-0.016663,-0.019382,-0.018005
1084_2024,-0.007551,-0.009813,-0.008906,-0.010391,-0.009623
1110_2017,-0.006697,-0.004831,-0.004401,-0.005114,-0.004756
1110_2018,-0.031522,-0.01651,-0.015387,-0.017453,-0.016626
1110_2020,0.020393,0.010977,0.009129,0.011683,0.009865
1110_2022,0.040931,0.027054,0.023701,0.02871,0.025611
1110_2023,0.079215,0.068123,0.057348,0.072457,0.061968
1110_2024,0.138762,0.117532,0.098423,0.125046,0.106351
1176_2014,-0.240586,-0.081131,-0.070631,-0.086131,-0.076321
1176_2016,-0.082251,-0.026549,-0.023577,-0.028152,-0.025476
1176_2017,-0.159517,-0.057438,-0.051036,-0.060905,-0.055147
1176_2018,-0.108497,-0.039583,-0.035167,-0.041973,-0.038
1176_2019,-0.212804,-0.073431,-0.066778,-0.077751,-0.072158
1176_2020,-0.210039,-0.069048,-0.061754,-0.073185,-0.066729
1176_2021,-0.199042,-0.06723,-0.060124,-0.071259,-0.064968
1176_2022,-0.215449,-0.071636,-0.063179,-0.075993,-0.068269
1176_2023,-0.195622,-0.065949,-0.058461,-0.069938,-0.063171
1176_2024,-0.15174,-0.053114,-0.047988,-0.056261,-0.051854
1183_2015,-0.045488,-0.047066,-0.044231,-0.049727,-0.047794
1183_2016,0.024413,0.026133,0.024459,0.027618,0.026429
1183_2017,-0.017826,-0.018662,-0.017506,-0.01972,-0.018916
1183_2018,0.021912,0.024163,0.022777,0.025523,0.024612
1183_2021,0.027355,0.030518,0.028767,0.032236,0.031084
1183_2023,-0.014227,-0.016623,-0.015828,-0.017547,-0.017104
1183_2024,0.193249,0.223722,0.211738,0.236255,0.228795
1200_2015,0.001163,0.000979,0.000932,0.001033,0.001008
1200_2016,0.044385,0.038163,0.037692,0.040176,0.040728
1200_2017,0.076543,0.070805,0.070109,0.074527,0.075757
1200_2018,0.110708,0.109765,0.107634,0.115619,0.116305
1200_2019,0.140214,0.138812,0.136676,0.14617,0.147686
1200_2020,0.068111,0.068084,0.066411,0.071743,0.071761
1200_2022,-0.026348,-0.024976,-0.024114,-0.026337,-0.026056
1200_2023,0.033884,0.034009,0.031921,0.035934,0.034492
1200_2024,0.072684,0.06518,0.062062,0.068802,0.067062
1206_2014,0.083664,0.061883,0.060325,0.065211,0.065185
1206_2015,0.077863,0.060068,0.057818,0.063358,0.062476
1206_2016,0.009578,0.007262,0.006911,0.007666,0.007468
1206_2017,0.059279,0.046873,0.044249,0.049507,0.047814
1206_2018,0.051978,0.043135,0.040924,0.045543,0.044221
1209_2014,0.000522,0.000479,0.00046,0.000505,0.000497
1209_2015,-0.06401,-0.059028,-0.056605,-0.062277,-0.061165
1209_2016,-0.033953,-0.030827,-0.029041,-0.032564,-0.03138
1209_2017,0.037431,0.034066,0.031026,0.036066,0.033525
1218_2015,-0.000969,-0.000826,-0.0007,-0.000878,-0.000757
1218_2016,-0.0197,-0.01656,-0.014143,-0.0176,-0.015282
1218_2017,-0.006384,-0.005522,-0.004815,-0.005862,-0.005203
1218_2018,-0.045625,-0.039685,-0.03495,-0.042103,-0.037765
1218_2019,0.059367,0.052094,0.045529,0.055292,0.049197
1218_2020,0.03876,0.035143,0.031718,0.037228,0.034274
1218_2021,-0.02068,-0.019369,-0.0174,-0.020524,-0.018802
1218_2022,0.049358,0.046818,0.042249,0.049596,0.045653
1218_2023,-0.050287,-0.050037,-0.045123,-0.053008,-0.048758
1218_2024,-0.017868,-0.017741,-0.016087,-0.018788,-0.017383
1221_2015,-0.005269,-0.004139,-0.004151,-0.004352,-0.004486
1221_2016,0.257813,0.204753,0.203977,0.215414,0.22041
1221_2017,0.004717,0.004012,0.003993,0.004221,0.004314
1221_2018,0.073803,0.064406,0.063184,0.067839,0.068274
1221_2019,0.140029,0.124614,0.120081,0.131428,0.129754
1221_2020,0.083848,0.078793,0.076868,0.083027,0.083061
1221_2021,0.012035,0.011656,0.011241,0.012293,0.012147
1221_2022,0.114179,0.112002,0.10891,0.118049,0.117684
1221_2023,0.085862,0.088534,0.086608,0.093272,0.093586
1221_2024,0.107359,0.110715,0.106291,0.116801,0.114854
1225_2015,-0.011191,-0.009565,-0.009286,-0.010083,-0.010034
1225_2017,-0.025646,-0.023204,-0.022484,-0.024463,-0.024295
1225_2018,-0.015274,-0.014153,-0.013694,-0.014922,-0.014797
1225_2019,0.01145,0.010992,0.010592,0.011593,0.011445
1225_2020,0.03027,0.029578,0.028395,0.031204,0.030683
1225_2021,0.009774,0.00986,0.009433,0.010405,0.010193
1225_2022,0.019953,0.020715,0.019709,0.021868,0.021296
1225_2023,0.016031,0.017742,0.016718,0.018742,0.018064
1225_2024,-0.007071,-0.007885,-0.007388,-0.008332,-0.007983
1254_2023,0.189387,0.071982,0.05987,0.076612,0.064693
1274_2015,0.052376,0.038913,0.035156,0.041219,0.037988
1274_2016,0.120351,0.09727,0.088974,0.102954,0.096142
1274_2017,0.046943,0.038009,0.0347,0.040235,0.037496
1274_2019,-0.006651,-0.006538,-0.006,-0.006918,-0.006483
1274_2020,0.128976,0.126247,0.115033,0.133656,0.1243
1274_2021,0.067364,0.067337,0.060432,0.071357,0.065301
1274_2022,0.03815,0.039245,0.035381,0.041576,0.038231
1274_2023,0.054595,0.055375,0.049972,0.05866,0.053998
1274_2024,0.046785,0.048256,0.047084,0.050849,0.050877
1301_2015,-0.060577,-0.030592,-0.029648,-0.032251,-0.032036
1301_2016,-0.011692,-0.006744,-0.00654,-0.00711,-0.007067
1301_2017,0.037307,0.024767,0.023975,0.026113,0.025907
1301_2018,0.135669,0.099388,0.096002,0.104804,0.103736
1301_2019,0.117496,0.095996,0.091695,0.101308,0.099082
1301_2020,-0.01424,-0.011507,-0.011111,-0.012135,-0.012006
1301_2021,0.031116,0.024895,0.023325,0.026308,0.025204
1301_2022,-0.062429,-0.0528,-0.048619,-0.055861,-0.052536
1301_2023,0.028098,0.026201,0.024435,0.027697,0.026404
1301_2024,-0.079968,-0.07359,-0.068194,-0.077824,-0.073688
1400_2015,-0.062413,-0.045866,-0.038697,-0.048778,-0.041815
1414_2015,-0.030938,-0.026372,-0.02545,-0.027811,-0.0275
1414_2016,-0.000425,-0.000365,-0.000349,-0.000385,-0.000377
1414_2017,0.016545,0.015012,0.014452,0.015834,0.015616
1414_2018,0.030158,0.030358,0.029699,0.031983,0.032091
1414_2019,-0.044005,-0.045282,-0.044239,-0.04771,-0.047803
1414_2020,0.049478,0.048472,0.047551,0.051055,0.051382
1414_2021,0.091434,0.089158,0.087086,0.09394,0.094102
1414_2022,0.099073,0.103407,0.099198,0.109096,0.10719
1414_2023,0.049728,0.056452,0.054553,0.059527,0.058948
1414_2024,-0.008082,-0.00934,-0.008942,-0.009856,-0.009662
1416_2023,0.106564,0.025034,0.023137,0.026479,0.025001
1416_2024,-0.006512,-0.002191,-0.002002,-0.002319,-0.002163
1458_2014,-0.067799,-0.037205,-0.034054,-0.039377,-0.036797
1458_2015,-0.006165,-0.003849,-0.003553,-0.004072,-0.003839
1458_2016,-0.015308,-0.010723,-0.009882,-0.011344,-0.010678
1458_2017,0.061712,0.050459,0.046595,0.053374,0.050348
1458_2018,0.062168,0.060692,0.056072,0.064197,0.060589
1458_2019,0.06179,0.064699,0.060998,0.068342,0.065912
1458_2021,0.032827,0.036765,0.034682,0.038833,0.037475
1458_2022,-0.032995,-0.038459,-0.036346,-0.040617,-0.039274
1458_2023,-0.038625,-0.046279,-0.043472,-0.048897,-0.046974
1458_2024,-0.016219,-0.019091,-0.017778,-0.020183,-0.019211
1492_2017,-0.034425,-0.007582,-0.007162,-0.008008,-0.00774
1492_2018,0.083297,0.037724,0.03554,0.03985,0.038403
1492_2019,0.11394,0.056844,0.053895,0.06002,0.058237
1492_2020,0.067375,0.03824,0.036239,0.040379,0.039158
1492_2021,0.034047,0.020761,0.019601,0.021928,0.02118
1492_2023,-0.057672,-0.041016,-0.038712,-0.043322,-0.04183
1492_2024,-0.065372,-0.045574,-0.043239,-0.048119,-0.046722
1609_2023,0.099434,0.04263,0.038059,0.045189,0.041125
1609_2024,-0.000914,-0.000539,-0.000475,-0.000572,-0.000514
1618_2023,0.008173,0.006488,0.006181,0.006848,0.006679
1618_2024,-0.018032,-0.016619,-0.016013,-0.017528,-0.017303
1686_2016,-0.007223,-0.004076,-0.00391,-0.0043,-0.004225
1686_2017,0.106852,0.06341,0.060781,0.066902,0.065678
1686_2018,0.040915,0.03134,0.029782,0.033087,0.032181
1686_2019,0.005429,0.004479,0.004311,0.004724,0.004658
1686_2020,0.074248,0.06669,0.064479,0.07032,0.069674
1686_2022,-0.009868,-0.011684,-0.011335,-0.012317,-0.012248
1686_2023,0.05496,0.064077,0.062524,0.067519,0.06756
1686_2024,-0.068817,-0.081262,-0.079871,-0.08558,-0.086306
1699_2024,-0.13472,-0.057811,-0.057105,-0.060861,-0.061705
1729_2016,0.030697,0.009288,0.008875,0.009802,0.00959
1729_2017,0.008029,0.003263,0.003149,0.003441,0.003403
1729_2018,0.061784,0.029886,0.02835,0.031556,0.030634
1729_2019,0.067644,0.036152,0.034423,0.038161,0.037196
1729_2020,0.0555,0.031353,0.029986,0.033085,0.032402
1729_2021,0.02048,0.012347,0.011825,0.013028,0.012777
1729_2022,0.075876,0.049219,0.046958,0.051947,0.050741
1729_2023,0.04906,0.035629,0.034181,0.037589,0.036935
1729_2024,0.21126,0.158236,0.151828,0.166939,0.164059
1796_2024,0.410903,0.049441,0.040672,0.052651,0.043948
1840_2022,0.0,0.0,0.0,0.0,0.0
1840_2023,0.454545,0.01673,0.014163,0.017789,0.015304
1856_2019,0.002998,0.001887,0.001731,0.001997,0.001871
1856_2021,-0.113806,-0.065951,-0.062673,-0.069626,-0.067722
1856_2022,0.009165,0.005629,0.005363,0.005941,0.005795
1856_2023,0.052398,0.042492,0.040028,0.044887,0.043252
1856_2024,0.202141,0.183201,0.172148,0.193559,0.186016
1861_2015,-0.021835,-0.014862,-0.01405,-0.015695,-0.015182
1861_2016,0.120448,0.0807,0.079318,0.084989,0.085707
1861_2017,0.112861,0.087729,0.085993,0.09241,0.092921
1861_2018,0.022543,0.01847,0.018074,0.019458,0.01953
1861_2019,0.043468,0.038654,0.037853,0.04072,0.040903
1861_2021,0.044773,0.044373,0.043501,0.046741,0.047005
1861_2022,0.018257,0.014633,0.012552,0.015548,0.013563
1880_2015,-0.043381,-0.024162,-0.022088,-0.025575,-0.023867
1880_2016,-0.097649,-0.059379,-0.054762,-0.062815,-0.059174
1880_2017,0.008594,0.005859,0.005371,0.0062,0.005803
1880_2019,0.067604,0.050681,0.046097,0.053662,0.049811
1880_2021,-0.064398,-0.052285,-0.049244,-0.055232,-0.053212
1880_2022,-0.052459,-0.042341,-0.040221,-0.044702,-0.043462
1880_2023,0.036,0.031649,0.029879,0.033427,0.032286
1880_2024,0.051449,0.044734,0.042383,0.047237,0.045798
1882_2017,0.093237,0.058514,0.052418,0.062014,0.056641
1884_2017,-0.012657,-0.004617,-0.004306,-0.00488,-0.004653
1884_2018,-0.018629,-0.009668,-0.009266,-0.0102,-0.010013
1884_2019,0.090958,0.050686,0.047932,0.053529,0.051793
1884_2020,-0.0071,-0.003767,-0.003509,-0.003982,-0.003792
1884_2021,-0.022003,-0.022802,-0.020235,-0.02418,-0.021866
1884_2023,0.058836,0.05431,0.045842,0.057757,0.049535
1884_2024,0.103451,0.087156,0.077169,0.092435,0.083386
1892_2024,-0.106578,-0.028633,-0.023489,-0.030496,-0.025381
1897_2015,-0.031814,-0.013705,-0.012074,-0.01454,-0.013046
1897_2016,0.35577,0.162197,0.151252,0.171456,0.163437
1897_2017,0.063808,0.033704,0.032158,0.035572,0.034749
1897_2018,0.101335,0.058669,0.052217,0.062203,0.056424
1897_2019,0.070659,0.042892,0.039071,0.04541,0.042219
1910_2015,-0.082001,-0.035334,-0.029094,-0.037626,-0.031437
1910_2016,-0.086781,-0.041794,-0.036713,-0.044346,-0.03967
1910_2017,-0.029428,-0.017879,-0.015265,-0.019002,-0.016495
1910_2018,0.00593,0.00445,0.003832,0.004727,0.00414
1910_2019,0.012002,0.009753,0.008023,0.010386,0.008669
1910_2023,-0.013372,-0.013336,-0.010995,-0.0142,-0.01188
1910_2024,-0.101183,-0.084295,-0.069541,-0.089754,-0.075143
1919_2015,-0.021796,-0.018702,-0.016753,-0.019821,-0.018103
1919_2016,-0.029041,-0.024112,-0.022912,-0.025455,-0.024758
1919_2017,-0.013143,-0.011626,-0.011142,-0.012267,-0.012039
1919_2018,0.059579,0.052849,0.051346,0.055706,0.055483
1919_2019,0.090809,0.081695,0.079763,0.086079,0.086189
1919_2020,0.047421,0.0436,0.042487,0.045947,0.04591
1919_2021,0.11468,0.105978,0.103534,0.11166,0.111874
1919_2022,0.0929,0.090915,0.088853,0.095788,0.096011
1919_2023,-0.03389,-0.033748,-0.032895,-0.035563,-0.035545
1919_2024,0.097923,0.098276,0.095312,0.103601,0.10299
1945_2015,-0.115227,-0.037598,-0.034972,-0.039751,-0.03779
1945_2016,-0.22214,-0.084034,-0.078001,-0.088859,-0.084284
1945_2017,0.151465,0.069965,0.066978,0.073825,0.072374
1945_2018,0.069253,0.037322,0.035561,0.039394,0.038425
1945_2019,0.037805,0.018972,0.01728,0.020086,0.018672
1945_2020,-0.373795,-0.182074,-0.162516,-0.193008,-0.175608
1945_2021,0.187612,0.113049,0.101128,0.119821,0.109275
1945_2022,-0.08276,-0.050002,-0.045526,-0.052939,-0.049194
1945_2023,-0.025434,-0.016426,-0.015194,-0.017373,-0.016417
1945_2024,-0.293766,-0.196023,-0.178577,-0.207531,-0.192963
1947_2020,-0.081159,-0.02837,-0.024691,-0.030119,-0.02668
1947_2021,-0.052772,-0.024504,-0.021316,-0.026015,-0.023033
1947_2022,-0.12401,-0.063932,-0.054786,-0.067933,-0.059199
1947_2023,0.025755,0.016131,0.014932,0.01706,0.016134
1947_2024,0.055621,0.033981,0.031495,0.035935,0.034033
1955_2015,0.027321,0.022812,0.021694,0.024082,0.023442
1955_2018,0.022299,0.021936,0.021237,0.023128,0.022948
1955_2019,0.053227,0.053746,0.049668,0.056848,0.053669
1955_2020,0.019352,0.019493,0.017403,0.020663,0.018805
1955_2021,0.018801,0.018772,0.018371,0.019775,0.019851
1955_2022,0.072956,0.061072,0.058925,0.064405,0.063672
1955_2023,0.008069,0.008102,0.007932,0.008535,0.008572
1955_2024,-0.033201,-0.034388,-0.030724,-0.036451,-0.033199
1967_2014,0.151822,0.064145,0.062471,0.0676,0.067504
1967_2015,0.065559,0.031234,0.030253,0.03293,0.03269
1967_2016,0.158503,0.084339,0.082645,0.088842,0.089303
1967_2017,0.06909,0.038431,0.037655,0.040483,0.040689
1967_2018,0.126891,0.082641,0.079984,0.087133,0.086427
1967_2019,0.05439,0.035359,0.033811,0.037313,0.036534
1967_2020,0.229443,0.151502,0.144444,0.159908,0.15608
1967_2021,0.030903,0.025526,0.024395,0.026938,0.02636
1967_2022,0.080922,0.069806,0.066822,0.073657,0.072206
1967_2023,-0.001702,-0.001462,-0.001388,-0.001544,-0.0015
1967_2024,0.011326,0.009858,0.009309,0.010412,0.010059
1969_2015,-0.020266,-0.0099,-0.009511,-0.010443,-0.010277
1969_2016,0.081607,0.046506,0.044659,0.049062,0.048256
1969_2017,0.041132,0.025573,0.024543,0.026979,0.02652
1969_2018,0.212282,0.15967,0.154691,0.168335,0.167153
1969_2019,0.070214,0.059271,0.057542,0.062479,0.062177
1969_2020,0.020186,0.017282,0.016959,0.018203,0.018325
1969_2021,0.03982,0.035135,0.034137,0.037034,0.036887
1969_2022,0.040867,0.03795,0.036859,0.040002,0.039828
1969_2023,0.061969,0.05861,0.056676,0.061799,0.061242
1969_2024,0.119464,0.116351,0.112558,0.122679,0.121626
1971_2022,0.13733,0.080717,0.074205,0.085405,0.080183
1971_2023,0.059553,0.040912,0.038348,0.043232,0.041437
1971_2024,0.023991,0.018291,0.015946,0.019416,0.01723
1975_2020,0.28675,0.094688,0.077676,0.100849,0.083933
1975_2021,-0.116875,-0.05158,-0.042313,-0.054937,-0.045722
1975_2022,-0.489684,-0.214308,-0.175804,-0.228253,-0.189967
1988_2023,0.106391,0.03643,0.031257,0.038707,0.033775
1991_2015,1.015082,0.205548,0.18449,0.217817,0.199352
1991_2016,0.634074,0.209897,0.187885,0.222463,0.203021
1991_2017,0.359445,0.16124,0.144995,0.170844,0.156676
1991_2018,0.707604,0.359061,0.320483,0.380625,0.346301
1991_2019,0.400164,0.228695,0.205321,0.242342,0.221862
1991_2020,0.711338,0.419427,0.371703,0.444808,0.401648
1994_2024,0.167126,0.084645,0.075732,0.089715,0.081833
1996_2024,-0.719424,-0.021964,-0.018018,-0.023394,-0.01947
2001_2015,-0.013754,-0.016097,-0.015475,-0.01698,-0.016722
2001_2016,-0.043473,-0.050441,-0.04892,-0.053174,-0.05286
2001_2017,0.05382,0.064559,0.064576,0.067899,0.069779
2001_2018,0.060111,0.076576,0.07442,0.080713,0.080415
2001_2019,0.01486,0.019311,0.018835,0.020349,0.020353
2001_2020,-0.003437,-0.004474,-0.004315,-0.004718,-0.004663
2001_2021,-0.020268,-0.026461,-0.025356,-0.027919,-0.027399
2001_2022,-0.084066,-0.108603,-0.103762,-0.114611,-0.112121
2001_2023,-0.001084,-0.001405,-0.001331,-0.001484,-0.001438
2001_2024,0.144579,0.171337,0.160768,0.181043,0.173719
2003_2014,-0.040308,-0.051622,-0.048317,-0.054556,-0.05221
2003_2016,-0.042293,-0.055125,-0.052418,-0.058194,-0.05664
2003_2017,0.021962,0.028444,0.027065,0.030026,0.029245
2003_2019,0.033774,0.044983,0.04413,0.04738,0.047685
2003_2020,0.084836,0.115202,0.108749,0.121678,0.11751
2007_2015,-0.00172,-0.001873,-0.001819,-0.001975,-0.001966
2007_2016,0.052941,0.057679,0.055465,0.060842,0.059934
2007_2017,-0.015774,-0.017885,-0.01708,-0.018875,-0.018456
2007_2018,0.018931,0.021993,0.020819,0.023224,0.022496
2007_2019,0.008658,0.009055,0.008749,0.009548,0.009454
2008_2015,-0.020846,-0.016655,-0.013927,-0.017721,-0.015049
2008_2016,-0.027056,-0.023031,-0.019155,-0.024512,-0.020698
2008_2018,1e-06,1e-06,1e-06,2e-06,1e-06
2008_2019,0.006914,0.008766,0.00727,0.009331,0.007856
2008_2023,0.055736,0.064213,0.057585,0.06805,0.062224
2010_2014,-0.003107,-0.00228,-0.002028,-0.002417,-0.002191
2010_2015,-0.022868,-0.016596,-0.014746,-0.017598,-0.015934
2010_2016,0.036242,0.025752,0.022945,0.027302,0.024794
2010_2017,0.172262,0.114639,0.101738,0.121566,0.109934
2010_2018,-0.032264,-0.025878,-0.023247,-0.027422,-0.02512
2010_2019,-0.038446,-0.03041,-0.027416,-0.032217,-0.029625
2010_2020,0.137023,0.106047,0.095825,0.11233,0.103545
2010_2021,0.049754,0.039192,0.035595,0.0415,0.038462
2010_2022,0.156434,0.134097,0.121602,0.142011,0.131398
2010_2023,0.023843,0.021183,0.019331,0.022424,0.020888
2010_2024,0.07708,0.065085,0.059627,0.068881,0.06443
2012_2015,0.068939,0.048181,0.046491,0.05081,0.050237
2012_2016,0.04197,0.028793,0.027949,0.030351,0.030201
2012_2017,0.027214,0.019807,0.019189,0.020882,0.020735
2012_2018,0.035374,0.026659,0.025881,0.028101,0.027966
2012_2019,-0.007905,-0.006021,-0.005762,-0.006353,-0.006226
2014_2015,-0.368688,-0.092504,-0.082412,-0.09807,-0.089051
2014_2016,-0.005633,-0.002176,-0.001955,-0.002306,-0.002112
2014_2017,0.028375,0.016263,0.015105,0.017196,0.016322
2014_2018,0.089823,0.058856,0.054669,0.062232,0.059073
2014_2019,0.130916,0.093902,0.085957,0.099383,0.092881
2015_2015,0.082594,0.043184,0.042461,0.045478,0.045882
2015_2016,0.130439,0.078405,0.075866,0.082667,0.081978
2015_2017,0.060827,0.040689,0.039024,0.042928,0.042168
2015_2018,0.115972,0.08917,0.084861,0.094129,0.091698
2015_2019,0.08718,0.068515,0.064395,0.072388,0.069582
2015_2020,-0.010265,-0.007626,-0.007053,-0.008066,-0.007622
2015_2022,0.018505,0.01166,0.010778,0.012333,0.011646
2015_2024,0.121637,0.08956,0.082889,0.09472,0.089567
2019_2022,-0.008154,-0.0067,-0.005632,-0.007127,-0.006085
2019_2023,-0.064651,-0.054826,-0.04598,-0.058327,-0.049684
2019_2024,-0.053598,-0.045949,-0.038531,-0.048882,-0.041635
2088_2015,0.006143,0.002774,0.00258,0.002933,0.002787
2088_2018,0.062844,0.038694,0.035893,0.040917,0.038784
2088_2019,0.046486,0.032959,0.029933,0.034901,0.032344
2121_2015,0.007419,0.005017,0.004792,0.005295,0.005179
2121_2016,-0.043624,-0.029446,-0.028301,-0.031062,-0.030581
2121_2017,-0.003926,-0.002864,-0.002822,-0.003016,-0.003049
2121_2018,0.084221,0.065826,0.064999,0.0693,0.070235
2121_2019,0.008992,0.007521,0.007387,0.007921,0.007982
2121_2020,0.089177,0.0786,0.07751,0.082757,0.083755
2121_2022,0.049516,0.048431,0.047379,0.051023,0.051196
2121_2023,0.024896,0.026015,0.025324,0.027417,0.027364
2121_2024,0.029854,0.031414,0.030322,0.033128,0.032764
218_2015,-0.019463,-0.017641,-0.014813,-0.018765,-0.016006
218_2016,0.155726,0.140473,0.116552,0.149525,0.125941
218_2017,-0.058773,-0.056802,-0.047202,-0.060458,-0.051004
218_2018,-0.154094,-0.151355,-0.125745,-0.161099,-0.135875
218_2019,-0.049063,-0.044748,-0.037133,-0.047631,-0.040124
218_2020,-0.042404,-0.038389,-0.031771,-0.040869,-0.034331
2232_2016,-0.051634,-0.0302,-0.027163,-0.031998,-0.029351
2232_2017,0.056487,0.038052,0.034718,0.040282,0.037514
2232_2018,0.004912,0.00401,0.003708,0.004241,0.004007
2232_2019,0.034274,0.027372,0.025038,0.028972,0.027055
2232_2020,0.139275,0.113922,0.106468,0.120408,0.115045
2232_2021,0.018757,0.015397,0.014244,0.016284,0.015392
2232_2022,-0.033496,-0.027941,-0.025948,-0.029544,-0.028038
2232_2023,-0.02373,-0.021227,-0.019783,-0.022439,-0.021377
2357_2024,-0.104754,-0.090297,-0.07578,-0.096058,-0.081884
2358_2024,0.140099,0.05038,0.049466,0.053062,0.053451
2468_2015,0.05854,0.052877,0.04983,0.055856,0.053844
2468_2016,0.286735,0.260316,0.253662,0.274327,0.274097
2468_2017,-0.091133,-0.084167,-0.080892,-0.088786,-0.087409
2468_2018,0.031127,0.028767,0.027823,0.030332,0.030064
2468_2019,0.135827,0.106852,0.104677,0.112559,0.11311
2468_2020,0.183042,0.148888,0.13941,0.157344,0.15064
2488_2015,-0.056836,-0.059957,-0.058175,-0.063204,-0.062862
2488_2016,-0.029199,-0.030169,-0.029143,-0.031813,-0.031491
2488_2017,-0.032976,-0.034455,-0.033355,-0.036327,-0.036042
2488_2018,-0.04357,-0.045736,-0.044306,-0.048219,-0.047876
2488_2019,-0.002689,-0.002895,-0.002808,-0.003052,-0.003034
2525_2014,-0.190304,-0.10097,-0.08283,-0.107541,-0.089502
2525_2015,-0.043197,-0.021916,-0.017979,-0.023342,-0.019427
2525_2016,-0.169193,-0.085059,-0.069777,-0.090594,-0.075398
2525_2017,-0.115872,-0.064226,-0.053059,-0.068381,-0.057334
2525_2018,-0.073896,-0.041054,-0.033981,-0.043705,-0.036718
2525_2019,-0.119672,-0.068557,-0.057899,-0.072906,-0.062564
2525_2020,-0.012242,-0.007459,-0.006279,-0.007934,-0.006785
2525_2021,-0.03087,-0.019548,-0.016597,-0.020782,-0.017934
2525_2022,-0.01153,-0.007576,-0.006406,-0.008056,-0.006922
2525_2023,-0.064397,-0.044949,-0.038122,-0.04779,-0.041193
2526_2015,0.279391,0.153171,0.133281,0.162615,0.144018
2526_2016,0.213977,0.135132,0.121738,0.143165,0.131545
2623_2015,-0.056983,-0.070922,-0.064296,-0.075108,-0.069476
2623_2019,-0.002151,-0.002697,-0.002625,-0.002842,-0.002837
2623_2023,-0.080328,-0.111295,-0.102579,-0.11774,-0.110843
2623_2024,-0.030614,-0.041412,-0.039991,-0.04367,-0.043212
2689_2023,0.389014,0.175082,0.144106,0.186444,0.155715
2786_2018,0.01962,0.008933,0.008159,0.009456,0.008816
2786_2019,0.224095,0.119966,0.106908,0.127183,0.11552
2786_2020,0.072744,0.045643,0.040593,0.048395,0.043863
2786_2021,0.003769,0.002739,0.002439,0.002904,0.002636
2786_2022,-0.069705,-0.053423,-0.048776,-0.056551,-0.052705
2786_2023,0.003788,0.003026,0.002862,0.003196,0.003093
2786_2024,0.015107,0.012439,0.011981,0.013119,0.012946
2791_2015,-0.006226,-0.004853,-0.004507,-0.005131,-0.00487
2791_2017,-0.032404,-0.025534,-0.024056,-0.026973,-0.025994
2791_2018,-0.027908,-0.021925,-0.020382,-0.023181,-0.022024
2791_2022,-0.042197,-0.03476,-0.031348,-0.036824,-0.033874
2791_2023,-0.059521,-0.054836,-0.049651,-0.058077,-0.053651
2791_2024,-0.066297,-0.05943,-0.053333,-0.062978,-0.05763
2987_2015,0.010518,0.012921,0.012367,0.013634,0.013364
2987_2016,0.017135,0.021742,0.020789,0.022944,0.022464
2987_2017,0.031556,0.039599,0.037985,0.041778,0.041045
2987_2018,0.017276,0.022496,0.021496,0.02374,0.023227
2987_2019,-0.004119,-0.005393,-0.005103,-0.005695,-0.005514
2987_2020,0.035159,0.045627,0.043495,0.048158,0.046999
2987_2021,-0.018804,-0.024771,-0.023591,-0.026147,-0.025492
2987_2022,0.031969,0.042919,0.040843,0.045306,0.044134
2987_2024,0.030201,0.041542,0.038592,0.043925,0.041701
2988_2019,0.051151,0.02553,0.024529,0.026931,0.026505
2988_2020,0.029071,0.015079,0.01402,0.015943,0.015149
2988_2021,0.041019,0.024632,0.022892,0.026044,0.024736
2988_2022,0.000441,0.0003,0.000281,0.000317,0.000304
2988_2023,0.013971,0.010613,0.009633,0.011238,0.010409
2988_2024,-0.008204,-0.006482,-0.006222,-0.006838,-0.006724
2999_2019,0.046763,0.058589,0.056238,0.06181,0.060768
2999_2020,0.075854,0.086899,0.084322,0.091604,0.091115
2999_2021,0.067176,0.083793,0.081116,0.088345,0.087651
2999_2022,0.145008,0.181813,0.176635,0.191641,0.190864
2999_2023,0.003455,0.004481,0.004337,0.004725,0.004687
2999_2024,0.044571,0.057526,0.055598,0.060658,0.060077
3000_2015,-0.017107,-0.016768,-0.016372,-0.017668,-0.017691
3000_2017,-0.007342,-0.0079,-0.007726,-0.008323,-0.008348
3000_2018,0.01393,0.015455,0.01517,0.016278,0.016392
3000_2019,0.015107,0.016612,0.016375,0.017491,0.017694
3000_2020,0.021918,0.023703,0.022978,0.024989,0.024829
3000_2022,0.098237,0.106861,0.102304,0.112757,0.110546
3000_2023,-0.019283,-0.021546,-0.020807,-0.02272,-0.022483
3000_2024,0.111683,0.123072,0.118562,0.129804,0.128113
3010_2015,0.292707,0.08756,0.08125,0.092589,0.087795
3010_2016,0.363732,0.12163,0.113295,0.128583,0.122422
3010_2018,-0.075583,-0.027423,-0.025795,-0.028972,-0.027873
3010_2019,-0.03311,-0.012068,-0.011276,-0.012755,-0.012184
3010_2020,0.440642,0.171601,0.159389,0.181445,0.172229
3010_2021,0.373827,0.158834,0.146908,0.167992,0.158743
3010_2022,-0.091919,-0.045659,-0.041909,-0.048316,-0.045285
3010_2023,0.36468,0.240384,0.226545,0.253924,0.244795
3010_2024,0.419404,0.30142,0.286214,0.318233,0.309272
318_2015,-0.093749,-0.054204,-0.049142,-0.057404,-0.053101
318_2016,-0.102953,-0.057394,-0.051774,-0.060801,-0.055945
318_2017,-0.075267,-0.045841,-0.041228,-0.048571,-0.044549
318_2018,-0.05281,-0.037592,-0.033536,-0.03985,-0.036238
318_2019,-0.014399,-0.010156,-0.009007,-0.010771,-0.009733
318_2020,-0.068657,-0.042964,-0.037985,-0.04557,-0.041045
318_2021,-0.105754,-0.067099,-0.059955,-0.071124,-0.064785
318_2022,-0.005484,-0.003519,-0.003152,-0.00373,-0.003405
318_2023,-0.045359,-0.032302,-0.028956,-0.034233,-0.031289
318_2024,-0.309011,-0.204378,-0.184011,-0.216536,-0.198835
3210_2015,-0.059446,-0.054093,-0.053108,-0.056973,-0.057387
3210_2016,0.014841,0.013293,0.012991,0.014005,0.014037
3210_2017,0.077578,0.073927,0.06978,0.078083,0.075402
3268_2020,0.045962,0.022017,0.019801,0.023328,0.021397
3268_2021,-7e-05,-3.6e-05,-3.3e-05,-3.9e-05,-3.5e-05
3330_2017,-0.070418,-0.015599,-0.013743,-0.016549,-0.01485
3334_2014,0.206803,0.06281,0.058525,0.066399,0.06324
3334_2015,0.195388,0.06229,0.05721,0.065912,0.061819
3334_2016,0.620194,0.211481,0.1964,0.223615,0.212222
3334_2017,0.082543,0.03601,0.036039,0.037871,0.038942
3334_2018,0.064842,0.030864,0.030689,0.032476,0.033162
3334_2019,0.200683,0.119365,0.119746,0.125512,0.129393
33_2015,-0.094501,-0.104649,-0.100795,-0.110375,-0.108915
33_2016,-0.05966,-0.065709,-0.063458,-0.06929,-0.06857
33_2017,-0.045482,-0.052441,-0.049945,-0.055355,-0.053969
33_2018,-0.036085,-0.043583,-0.041801,-0.045981,-0.045169
33_2019,0.022324,0.027128,0.026098,0.028615,0.028201
33_2020,-0.035699,-0.044853,-0.043162,-0.04731,-0.046639
33_2021,-0.059927,-0.076303,-0.073021,-0.080515,-0.078903
33_2022,-0.076507,-0.098752,-0.094473,-0.104205,-0.102083
33_2023,-0.03485,-0.044622,-0.042501,-0.047101,-0.045924
33_2024,-0.015683,-0.020074,-0.019066,-0.021193,-0.020602
3500_2018,0.587794,0.200037,0.164557,0.213023,0.177813
3500_2019,0.032545,0.032673,0.030981,0.034499,0.033477
3500_2021,0.051264,0.060483,0.053896,0.064122,0.058238
3500_2022,-0.073768,-0.095159,-0.092961,-0.100262,-0.10045
3500_2023,-0.008214,-0.011139,-0.010633,-0.011755,-0.011489
3623_2017,0.008377,0.005689,0.004963,0.006039,0.005363
3623_2019,0.022121,0.014868,0.013081,0.015774,0.014135
3623_2024,-0.122572,-0.096804,-0.085331,-0.102694,-0.092206
3624_2015,0.014481,0.011477,0.011177,0.012095,0.012077
3624_2016,-0.043179,-0.035547,-0.034594,-0.037463,-0.037381
3624_2017,-0.011156,-0.009975,-0.009191,-0.010553,-0.009931
3624_2018,-0.028111,-0.025939,-0.022533,-0.027541,-0.024348
3624_2019,0.103942,0.095782,0.079245,0.10197,0.085629
3624_2020,0.145554,0.134349,0.112144,0.142962,0.121178
3624_2021,-0.022306,-0.022261,-0.018786,-0.023674,-0.0203
3624_2022,0.087156,0.086848,0.072837,0.092392,0.078705
3624_2023,0.08192,0.079351,0.066087,0.084449,0.071411
3624_2024,-0.002291,-0.002206,-0.001832,-0.002348,-0.001979
382_2015,0.011156,0.00777,0.007495,0.008195,0.008099
382_2016,-0.057385,-0.040685,-0.03901,-0.042925,-0.042153
382_2017,0.021572,0.016836,0.015673,0.017799,0.016936
382_2018,0.058745,0.049405,0.047575,0.05211,0.051408
382_2019,0.025416,0.022284,0.021177,0.023526,0.022883
382_2022,0.068601,0.060441,0.058291,0.063743,0.062987
382_2023,-0.012506,-0.011778,-0.011501,-0.01241,-0.012427
382_2024,-0.026328,-0.024897,-0.024206,-0.026241,-0.026156
386_2019,0.078084,0.086579,0.076481,0.091836,0.082642
386_2020,0.035117,0.039443,0.03445,0.041866,0.037225
386_2021,-0.001358,-0.001524,-0.00134,-0.001618,-0.001448
386_2022,0.081758,0.092216,0.080261,0.097901,0.086727
386_2023,0.044556,0.051072,0.044304,0.054231,0.047873
386_2024,0.035654,0.041252,0.03384,0.043936,0.036566
3902_2018,0.141914,0.044386,0.041201,0.046934,0.04452
3902_2019,-0.022209,-0.008816,-0.00826,-0.009316,-0.008925
3902_2020,-0.143799,-0.058617,-0.055446,-0.061904,-0.059912
3902_2021,-0.072316,-0.035226,-0.03337,-0.037197,-0.036059
3902_2022,-0.399832,-0.199826,-0.187172,-0.21117,-0.202251
3902_2023,-0.039607,-0.024041,-0.022541,-0.025404,-0.024357
3902_2024,-0.06532,-0.041387,-0.03874,-0.043738,-0.041861
4000_2015,0.022891,0.017238,0.016897,0.018158,0.018258
4000_2016,0.16241,0.12517,0.119422,0.132108,0.129042
4000_2017,0.039595,0.03398,0.032463,0.03586,0.035079
4000_2018,0.033481,0.029932,0.028916,0.031563,0.031245
4000_2019,0.062129,0.058162,0.056486,0.061308,0.061036
4000_2020,0.10427,0.096667,0.093196,0.101949,0.100704
4000_2021,0.053316,0.050037,0.047695,0.052813,0.051538
4000_2023,-0.025534,-0.025032,-0.024209,-0.026394,-0.026159
4000_2024,-0.004197,-0.004179,-0.004063,-0.004405,-0.00439
4020_2016,0.056433,0.048601,0.048712,0.051107,0.052636
4020_2017,0.041359,0.036728,0.035385,0.038737,0.038235
4020_2018,0.088208,0.077711,0.075136,0.081941,0.081189
4020_2020,-0.021376,-0.017789,-0.016797,-0.018788,-0.01815
4020_2021,-0.054052,-0.04491,-0.041794,-0.04748,-0.045161
4020_2022,-0.101922,-0.088302,-0.083043,-0.093289,-0.089732
4020_2023,-0.064949,-0.058919,-0.05488,-0.062287,-0.059301
4020_2024,-0.083679,-0.074409,-0.070286,-0.078588,-0.075948
4141_2015,0.015553,0.00933,0.008896,0.009847,0.009613
4141_2016,0.029588,0.017273,0.016467,0.018232,0.017794
4141_2017,-0.086241,-0.051942,-0.050142,-0.054775,-0.054182
4141_2018,-0.05131,-0.032212,-0.031358,-0.033949,-0.033884
4141_2019,0.124167,0.075838,0.073598,0.079944,0.079528
4141_2020,0.117846,0.070559,0.068303,0.074393,0.073805
4141_2021,0.12397,0.084661,0.083857,0.089108,0.090612
4141_2022,-0.0672,-0.047965,-0.047069,-0.05052,-0.05086
4141_2023,-0.059318,-0.042237,-0.041641,-0.044471,-0.044995
4141_2024,-0.041713,-0.02868,-0.028353,-0.030191,-0.030637
4242_2015,-0.146956,-0.022631,-0.01912,-0.024066,-0.02066
4242_2016,-0.006848,-0.00128,-0.001082,-0.001361,-0.001169
4242_2017,0.026545,0.007048,0.005975,0.007494,0.006456
4242_2018,0.235662,0.111843,0.094825,0.118913,0.102464
4242_2019,0.042735,0.030073,0.026594,0.031897,0.028737
4242_2020,0.056785,0.034899,0.032788,0.036873,0.035429
4242_2021,0.022011,0.016827,0.015814,0.017778,0.017087
4242_2022,-0.106821,-0.084088,-0.080693,-0.088712,-0.087193
4242_2023,-0.019485,-0.014518,-0.013945,-0.015316,-0.015068
435_2015,-0.016514,-0.015165,-0.013699,-0.016064,-0.014802
435_2016,-0.067855,-0.064083,-0.057474,-0.067911,-0.062104
435_2017,-0.041281,-0.040482,-0.037214,-0.042834,-0.040212
435_2018,-0.004482,-0.004763,-0.004356,-0.005041,-0.004707
435_2019,-0.046705,-0.051557,-0.048677,-0.054455,-0.052599
435_2020,-0.050126,-0.055684,-0.052009,-0.058857,-0.056199
435_2021,-0.079972,-0.088024,-0.083473,-0.092942,-0.090198
435_2022,-0.035986,-0.039648,-0.037999,-0.041832,-0.04106
435_2023,-0.025829,-0.028998,-0.027754,-0.030599,-0.02999
435_2024,-0.044238,-0.049739,-0.047311,-0.052507,-0.051122
4444_2015,-0.015458,-0.015875,-0.015897,-0.016694,-0.017178
4444_2016,0.004779,0.004924,0.004943,0.005177,0.005341
4444_2017,0.098474,0.1075,0.107413,0.113071,0.116066
4444_2018,0.048551,0.057105,0.057149,0.060057,0.061753
4444_2019,0.006394,0.007625,0.007554,0.008026,0.008163
4444_2022,0.017621,0.02104,0.020923,0.022138,0.022609
4444_2023,0.017975,0.022426,0.022286,0.023598,0.024081
4444_2024,-0.028073,-0.034823,-0.034456,-0.036655,-0.037231
4472_2015,-0.006739,-0.008423,-0.008078,-0.008886,-0.008729
4472_2016,0.007582,0.009773,0.009123,0.010331,0.009858
4472_2017,0.028186,0.035797,0.033219,0.037853,0.035895
4472_2018,0.022008,0.02898,0.026769,0.030653,0.028926
4472_2019,0.056702,0.074157,0.068658,0.078428,0.07419
4472_2020,0.088889,0.115443,0.109305,0.121907,0.118111
4472_2021,-0.154043,-0.202679,-0.189499,-0.214211,-0.204764
4472_2022,-0.000456,-0.0006,-0.000562,-0.000634,-0.000608
4472_2023,0.064643,0.086931,0.081381,0.091869,0.087937
4472_2024,0.056242,0.077482,0.069197,0.082132,0.074771
457_2015,0.015041,0.013692,0.012512,0.014493,0.01352
457_2016,-0.051862,-0.048213,-0.044416,-0.051006,-0.047994
457_2017,-0.095842,-0.094075,-0.088034,-0.099422,-0.095126
457_2018,-0.089684,-0.085615,-0.080655,-0.09044,-0.087153
457_2019,-0.096309,-0.092336,-0.087143,-0.097527,-0.094164
457_2020,-0.064309,-0.061865,-0.059533,-0.065254,-0.064329
457_2021,-0.092883,-0.094779,-0.092465,-0.099872,-0.099914
457_2022,-0.074316,-0.076922,-0.075016,-0.081058,-0.08106
457_2023,-0.054773,-0.060268,-0.058506,-0.063529,-0.063219
457_2024,0.009428,0.010434,0.010085,0.011002,0.010898
4711_2015,-0.159099,-0.125332,-0.120254,-0.132226,-0.129942
4711_2017,-0.018481,-0.017192,-0.016378,-0.018147,-0.017697
4711_2018,0.128021,0.121231,0.116543,0.127882,0.125932
4711_2019,0.074371,0.07431,0.070308,0.078474,0.075972
4711_2020,0.014731,0.014939,0.013802,0.015801,0.014913
4711_2021,0.15559,0.161331,0.149408,0.170619,0.161444
4711_2022,0.031327,0.033428,0.031242,0.035331,0.033759
4711_2023,0.060882,0.067881,0.063656,0.071729,0.068784
4711_2024,-0.055064,-0.062903,-0.059316,-0.066443,-0.064094
4747_2022,0.40983,0.064687,0.060837,0.06834,0.065738
4747_2023,0.303016,0.077675,0.069437,0.082332,0.075031
5000_2014,-0.062249,-0.05069,-0.050935,-0.053294,-0.055038
5000_2015,0.038316,0.03113,0.031329,0.032725,0.033853
5000_2016,-0.070228,-0.055802,-0.055745,-0.058695,-0.060235
5000_2017,0.071394,0.056652,0.054847,0.059729,0.059266
5000_2018,0.090348,0.076699,0.076982,0.080645,0.083184
5000_2019,0.145291,0.126408,0.12499,0.133066,0.135059
5000_2020,0.016343,0.014587,0.014438,0.015354,0.015601
5000_2021,0.047141,0.042284,0.042053,0.044491,0.045441
5000_2022,0.082479,0.074157,0.073811,0.078024,0.079757
5000_2023,0.023483,0.0221,0.021933,0.023257,0.0237
5000_2024,-0.011919,-0.011018,-0.01081,-0.011605,-0.01168
510_2015,9.3e-05,0.0001,9.4e-05,0.000105,0.000101
510_2016,0.001681,0.001805,0.001695,0.001907,0.001832
510_2017,-0.007802,-0.008749,-0.008251,-0.009241,-0.008916
510_2019,-0.020529,-0.02423,-0.022518,-0.025619,-0.024332
510_2020,0.012918,0.014933,0.014333,0.015754,0.015488
510_2021,-0.045628,-0.054218,-0.051604,-0.057233,-0.055762
510_2022,-0.071592,-0.085124,-0.081203,-0.089843,-0.087745
510_2023,0.062633,0.07725,0.072954,0.08159,0.078831
510_2024,0.100571,0.123725,0.117552,0.130621,0.127022
5151_2014,-0.097208,-0.063751,-0.059805,-0.067363,-0.064623
5151_2015,-0.154338,-0.106305,-0.100649,-0.112258,-0.108757
5151_2017,-0.039493,-0.029998,-0.029122,-0.031621,-0.031468
5151_2019,0.012747,0.011165,0.01087,0.011766,0.011746
5623_2023,-0.128818,-0.080384,-0.075339,-0.084944,-0.081409
5623_2024,-0.058476,-0.043038,-0.041258,-0.045408,-0.044582
5678_2014,-0.11784,-0.06557,-0.058224,-0.069529,-0.062914
5678_2015,-0.084175,-0.041473,-0.037972,-0.043893,-0.041031
5678_2016,0.009811,0.004685,0.004344,0.004954,0.004694
5678_2017,0.00295,0.001567,0.001496,0.001654,0.001617
5678_2018,-0.030979,-0.018689,-0.017612,-0.019741,-0.019031
5678_2019,0.07331,0.047015,0.043722,0.049709,0.047244
5820_2015,0.15511,0.066875,0.062349,0.070694,0.067372
5820_2016,0.672434,0.272684,0.25523,0.288178,0.275792
5820_2017,0.077912,0.036898,0.033771,0.039052,0.036492
5820_2019,0.245733,0.113476,0.098874,0.120463,0.10684
5886_2019,0.051423,0.027793,0.024907,0.029455,0.026914
5886_2020,-0.01024,-0.005943,-0.005357,-0.006297,-0.005788
5886_2021,0.035039,0.021741,0.019728,0.023023,0.021317
5886_2022,0.013714,0.00962,0.008789,0.010182,0.009497
5886_2023,0.010226,0.008241,0.007626,0.008715,0.00824
5886_2024,-0.00476,-0.003658,-0.003418,-0.003866,-0.003693
609_2014,-0.108806,-0.088881,-0.087728,-0.093575,-0.094795
609_2015,-0.08824,-0.079972,-0.079125,-0.08418,-0.0855
609_2016,-0.087962,-0.079551,-0.078387,-0.083763,-0.084702
609_2017,-0.103685,-0.099645,-0.099088,-0.104848,-0.107071
609_2018,-0.048681,-0.047144,-0.046709,-0.049619,-0.050472
609_2019,-0.061195,-0.060109,-0.058978,-0.063312,-0.063729
609_2020,-0.038732,-0.037275,-0.036222,-0.03929,-0.03914
609_2021,-0.025629,-0.025068,-0.02436,-0.026422,-0.026323
609_2022,0.014018,0.013974,0.013561,0.01473,0.014654
609_2023,0.130821,0.142823,0.137774,0.150621,0.148873
609_2024,0.151419,0.168445,0.16308,0.177596,0.176217
6103_2015,-0.007033,-0.000987,-0.000809,-0.001051,-0.000875
6103_2023,-0.029174,-0.011338,-0.009301,-0.012076,-0.01005
6105_2015,0.018847,0.004613,0.004566,0.004856,0.004934
6111_2015,0.0,0.0,0.0,0.0,0.0
6111_2016,0.02408,0.014136,0.013275,0.014936,0.014345
6111_2017,0.090265,0.059938,0.056259,0.063332,0.060791
6111_2018,0.105774,0.068725,0.06425,0.072636,0.069426
6112_2015,0.005649,0.002059,0.001921,0.002176,0.002076
6112_2016,-0.416087,-0.155483,-0.146011,-0.164281,-0.157774
6118_2018,0.041331,0.026904,0.02704,0.028285,0.029218
6119_2016,0.053555,0.011861,0.011144,0.012532,0.012041
6123_2019,0.067555,0.025716,0.02177,0.027343,0.023524
6125_2017,0.678189,0.095162,0.08605,0.100796,0.092982
6125_2018,0.021604,0.004756,0.004472,0.005025,0.004832
6125_2019,-0.031975,-0.009419,-0.008977,-0.009942,-0.009701
6125_2020,0.034573,0.010161,0.00917,0.010763,0.009909
6130_2017,-0.233392,-0.01585,-0.013988,-0.016813,-0.015114
6130_2018,0.025544,0.004255,0.003786,0.004511,0.004091
6131_2020,0.76535,0.07005,0.063741,0.074168,0.068876
6131_2021,0.838984,0.142106,0.134557,0.150062,0.145397
6134_2020,0.040948,0.013448,0.011778,0.014272,0.012726
6134_2021,-0.030942,-0.015615,-0.013838,-0.01656,-0.014952
6134_2022,0.062246,0.038753,0.034455,0.04109,0.03723
6134_2023,-0.075717,-0.051993,-0.045841,-0.055156,-0.049534
623_2016,-0.058994,-0.053614,-0.050709,-0.05662,-0.054794
623_2017,-0.058211,-0.050932,-0.045697,-0.053974,-0.049378
623_2022,0.025327,0.026178,0.023811,0.027718,0.025729
623_2023,-0.080142,-0.08509,-0.078424,-0.090017,-0.084742
623_2024,-0.030651,-0.032611,-0.031497,-0.034388,-0.034034
727_2014,-0.069021,-0.048661,-0.047304,-0.051289,-0.051115
727_2015,-0.024005,-0.016791,-0.016317,-0.017699,-0.017631
727_2016,-0.028866,-0.020479,-0.019954,-0.021581,-0.021561
727_2017,0.010943,0.008024,0.007839,0.008454,0.00847
727_2018,-0.000564,-0.000411,-0.000405,-0.000432,-0.000438
727_2020,-0.012704,-0.009277,-0.00926,-0.009758,-0.010007
727_2021,-0.037863,-0.027915,-0.027947,-0.029357,-0.030199
727_2022,-0.021917,-0.01603,-0.015803,-0.016878,-0.017076
727_2023,-0.00137,-0.001048,-0.001005,-0.001106,-0.001086
727_2024,0.052682,0.040306,0.0386,0.042528,0.041709
780_2014,-3.3e-05,-2.4e-05,-2.2e-05,-2.5e-05,-2.4e-05
780_2015,-0.054058,-0.038753,-0.037719,-0.040842,-0.040757
780_2016,-0.044763,-0.033233,-0.032368,-0.035023,-0.034975
780_2017,-0.005099,-0.003549,-0.003464,-0.00374,-0.003743
780_2018,-0.053531,-0.041106,-0.040301,-0.043298,-0.043548
780_2019,-0.117064,-0.085368,-0.081478,-0.090097,-0.088042
780_2020,-0.049314,-0.03176,-0.031227,-0.033447,-0.033743
958_2015,-0.013213,-0.010799,-0.010848,-0.011354,-0.011722
