series,value,exceedance_probability
Raw market,1e-06,1.0
Raw market,9.3e-05,0.99734
Raw market,0.000441,0.994681
Raw market,0.000522,0.992021
Raw market,0.001163,0.989362
Raw market,0.001681,0.986702
Raw market,0.00295,0.984043
Raw market,0.002998,0.981383
Raw market,0.003455,0.978723
Raw market,0.003769,0.976064
Raw market,0.003788,0.973404
Raw market,0.004717,0.970745
Raw market,0.004779,0.968085
Raw market,0.004912,0.965426
Raw market,0.005429,0.962766
Raw market,0.005649,0.960106
Raw market,0.00593,0.957447
Raw market,0.006143,0.954787
Raw market,0.006394,0.952128
Raw market,0.006914,0.949468
Raw market,0.007419,0.946809
Raw market,0.007582,0.944149
Raw market,0.008029,0.941489
Raw market,0.008069,0.93883
Raw market,0.008173,0.93617
Raw market,0.008377,0.933511
Raw market,0.008594,0.930851
Raw market,0.008658,0.928191
Raw market,0.008992,0.925532
Raw market,0.009165,0.922872
Raw market,0.009428,0.920213
Raw market,0.009578,0.917553
Raw market,0.009774,0.914894
Raw market,0.009811,0.912234
Raw market,0.010226,0.909574
Raw market,0.010518,0.906915
Raw market,0.010943,0.904255
Raw market,0.011156,0.901596
Raw market,0.011326,0.898936
Raw market,0.01145,0.896277
Raw market,0.012002,0.893617
Raw market,0.012035,0.890957
Raw market,0.012747,0.888298
Raw market,0.012918,0.885638
Raw market,0.013714,0.882979
Raw market,0.01393,0.880319
Raw market,0.013971,0.87766
Raw market,0.014018,0.875
Raw market,0.014481,0.87234
Raw market,0.014731,0.869681
Raw market,0.014841,0.867021
Raw market,0.01486,0.864362
Raw market,0.015041,0.861702
Raw market,0.015107,0.859043
Raw market,0.015107,0.856383
Raw market,0.015553,0.853723
Raw market,0.016031,0.851064
Raw market,0.016343,0.848404
Raw market,0.016545,0.845745
Raw market,0.017135,0.843085
Raw market,0.017276,0.840426
Raw market,0.017621,0.837766
Raw market,0.017975,0.835106
Raw market,0.018257,0.832447
Raw market,0.018505,0.829787
Raw market,0.018757,0.827128
Raw market,0.018801,0.824468
Raw market,0.018847,0.821809
Raw market,0.018931,0.819149
Raw market,0.019352,0.816489
Raw market,0.01962,0.81383
Raw market,0.019953,0.81117
Raw market,0.020186,0.808511
Raw market,0.020393,0.805851
Raw market,0.02048,0.803191
Raw market,0.021572,0.800532
Raw market,0.021604,0.797872
Raw market,0.021912,0.795213
Raw market,0.021918,0.792553
Raw market,0.021962,0.789894
Raw market,0.022008,0.787234
Raw market,0.022011,0.784574
Raw market,0.022121,0.781915
Raw market,0.022299,0.779255
Raw market,0.022324,0.776596
Raw market,0.022543,0.773936
Raw market,0.022891,0.771277
Raw market,0.023483,0.768617
Raw market,0.023843,0.765957
Raw market,0.023991,0.763298
Raw market,0.02408,0.760638
Raw market,0.024413,0.757979
Raw market,0.024896,0.755319
Raw market,0.025327,0.75266
Raw market,0.025416,0.75
Raw market,0.025544,0.74734
Raw market,0.025755,0.744681
Raw market,0.026545,0.742021
Raw market,0.027214,0.739362
Raw market,0.027321,0.736702
Raw market,0.027355,0.734043
Raw market,0.028098,0.731383
Raw market,0.028186,0.728723
Raw market,0.028375,0.726064
Raw market,0.029071,0.723404
Raw market,0.029588,0.720745
Raw market,0.029854,0.718085
Raw market,0.030158,0.715426
Raw market,0.030201,0.712766
Raw market,0.03027,0.710106
Raw market,0.030697,0.707447
Raw market,0.030903,0.704787
Raw market,0.031116,0.702128
Raw market,0.031127,0.699468
Raw market,0.031327,0.696809
Raw market,0.031556,0.694149
Raw market,0.031969,0.691489
Raw market,0.032545,0.68883
Raw market,0.032827,0.68617
Raw market,0.033481,0.683511
Raw market,0.033774,0.680851
Raw market,0.033884,0.678191
Raw market,0.034047,0.675532
Raw market,0.034274,0.672872
Raw market,0.034573,0.670213
Raw market,0.035039,0.667553
Raw market,0.035117,0.664894
Raw market,0.035159,0.662234
Raw market,0.035374,0.659574
Raw market,0.035654,0.656915
Raw market,0.036,0.654255
Raw market,0.036242,0.651596
Raw market,0.037307,0.648936
Raw market,0.037431,0.646277
Raw market,0.037805,0.643617
Raw market,0.03815,0.640957
Raw market,0.038316,0.638298
Raw market,0.03876,0.635638
Raw market,0.039595,0.632979
Raw market,0.03982,0.630319
Raw market,0.040867,0.62766
Raw market,0.040915,0.625
Raw market,0.040931,0.62234
Raw market,0.040948,0.619681
Raw market,0.041019,0.617021
Raw market,0.041132,0.614362
Raw market,0.041331,0.611702
Raw market,0.041359,0.609043
Raw market,0.04197,0.606383
Raw market,0.042735,0.603723
Raw market,0.043468,0.601064
Raw market,0.044385,0.598404
Raw market,0.044556,0.595745
Raw market,0.044571,0.593085
Raw market,0.044773,0.590426
Raw market,0.045962,0.587766
Raw market,0.046486,0.585106
Raw market,0.046763,0.582447
Raw market,0.046785,0.579787
Raw market,0.046943,0.577128
Raw market,0.047141,0.574468
Raw market,0.047421,0.571809
Raw market,0.048551,0.569149
Raw market,0.04906,0.566489
Raw market,0.049358,0.56383
Raw market,0.049478,0.56117
Raw market,0.049516,0.558511
Raw market,0.049728,0.555851
Raw market,0.049754,0.553191
Raw market,0.051151,0.550532
Raw market,0.051264,0.547872
Raw market,0.051423,0.545213
Raw market,0.051449,0.542553
Raw market,0.051978,0.539894
Raw market,0.052376,0.537234
Raw market,0.052398,0.534574
Raw market,0.052682,0.531915
Raw market,0.052941,0.529255
Raw market,0.053227,0.526596
Raw market,0.053316,0.523936
Raw market,0.053555,0.521277
Raw market,0.05382,0.518617
Raw market,0.05439,0.515957
Raw market,0.054595,0.513298
Raw market,0.05496,0.510638
Raw market,0.0555,0.507979
Raw market,0.055621,0.505319
Raw market,0.055736,0.50266
Raw market,0.056242,0.5
Raw market,0.056433,0.49734
Raw market,0.056487,0.494681
Raw market,0.056702,0.492021
Raw market,0.056785,0.489362
Raw market,0.05854,0.486702
Raw market,0.058745,0.484043
Raw market,0.058836,0.481383
Raw market,0.059279,0.478723
Raw market,0.059367,0.476064
Raw market,0.059553,0.473404
Raw market,0.059579,0.470745
Raw market,0.060111,0.468085
Raw market,0.060827,0.465426
Raw market,0.060882,0.462766
Raw market,0.061712,0.460106
Raw market,0.061784,0.457447
Raw market,0.06179,0.454787
Raw market,0.061969,0.452128
Raw market,0.062129,0.449468
Raw market,0.062168,0.446809
Raw market,0.062246,0.444149
Raw market,0.062633,0.441489
Raw market,0.062844,0.43883
Raw market,0.063808,0.43617
Raw market,0.064643,0.433511
Raw market,0.064842,0.430851
Raw market,0.065559,0.428191
Raw market,0.067176,0.425532
Raw market,0.067364,0.422872
Raw market,0.067375,0.420213
Raw market,0.067555,0.417553
Raw market,0.067604,0.414894
Raw market,0.067644,0.412234
Raw market,0.068111,0.409574
Raw market,0.068601,0.406915
Raw market,0.068939,0.404255
Raw market,0.06909,0.401596
Raw market,0.069253,0.398936
Raw market,0.070214,0.396277
Raw market,0.070659,0.393617
Raw market,0.071394,0.390957
Raw market,0.072684,0.388298
Raw market,0.072744,0.385638
Raw market,0.072956,0.382979
Raw market,0.07331,0.380319
Raw market,0.073803,0.37766
Raw market,0.074248,0.375
Raw market,0.074371,0.37234
Raw market,0.075854,0.369681
Raw market,0.075876,0.367021
Raw market,0.076543,0.364362
Raw market,0.07708,0.361702
Raw market,0.077578,0.359043
Raw market,0.077863,0.356383
Raw market,0.077912,0.353723
Raw market,0.078084,0.351064
Raw market,0.079215,0.348404
Raw market,0.080922,0.345745
Raw market,0.081607,0.343085
Raw market,0.081758,0.340426
Raw market,0.08192,0.337766
Raw market,0.082479,0.335106
Raw market,0.082543,0.332447
Raw market,0.082594,0.329787
Raw market,0.083297,0.327128
Raw market,0.083664,0.324468
Raw market,0.083848,0.321809
Raw market,0.084221,0.319149
Raw market,0.084836,0.316489
Raw market,0.085862,0.31383
Raw market,0.087156,0.31117
Raw market,0.08718,0.308511
Raw market,0.088208,0.305851
Raw market,0.088889,0.303191
Raw market,0.089177,0.300532
Raw market,0.089823,0.297872
Raw market,0.090265,0.295213
Raw market,0.090348,0.292553
Raw market,0.090809,0.289894
Raw market,0.090958,0.287234
Raw market,0.091434,0.284574
Raw market,0.0929,0.281915
Raw market,0.093237,0.279255
Raw market,0.097923,0.276596
Raw market,0.098237,0.273936
Raw market,0.098474,0.271277
Raw market,0.099073,0.268617
Raw market,0.099434,0.265957
Raw market,0.100571,0.263298
Raw market,0.101335,0.260638
Raw market,0.103451,0.257979
Raw market,0.103942,0.255319
Raw market,0.10427,0.25266
Raw market,0.105774,0.25
Raw market,0.106391,0.24734
Raw market,0.106564,0.244681
Raw market,0.106852,0.242021
Raw market,0.107359,0.239362
Raw market,0.110708,0.236702
Raw market,0.111683,0.234043
Raw market,0.112861,0.231383
Raw market,0.11394,0.228723
Raw market,0.114179,0.226064
Raw market,0.11468,0.223404
Raw market,0.115972,0.220745
Raw market,0.117496,0.218085
Raw market,0.117846,0.215426
Raw market,0.119464,0.212766
Raw market,0.120351,0.210106
Raw market,0.120448,0.207447
Raw market,0.121637,0.204787
Raw market,0.12397,0.202128
Raw market,0.124167,0.199468
Raw market,0.126891,0.196809
Raw market,0.128021,0.194149
Raw market,0.128976,0.191489
Raw market,0.130439,0.18883
Raw market,0.130821,0.18617
Raw market,0.130916,0.183511
Raw market,0.135669,0.180851
Raw market,0.135827,0.178191
Raw market,0.137023,0.175532
Raw market,0.13733,0.172872
Raw market,0.138762,0.170213
Raw market,0.139275,0.167553
Raw market,0.140029,0.164894
Raw market,0.140099,0.162234
Raw market,0.140214,0.159574
Raw market,0.141914,0.156915
Raw market,0.144579,0.154255
Raw market,0.145008,0.151596
Raw market,0.145291,0.148936
Raw market,0.145554,0.146277
Raw market,0.151419,0.143617
Raw market,0.151465,0.140957
Raw market,0.151822,0.138298
Raw market,0.15511,0.135638
Raw market,0.15559,0.132979
Raw market,0.155726,0.130319
Raw market,0.156434,0.12766
Raw market,0.158503,0.125
Raw market,0.16241,0.12234
Raw market,0.167126,0.119681
Raw market,0.172262,0.117021
Raw market,0.183042,0.114362
Raw market,0.187612,0.111702
Raw market,0.189387,0.109043
Raw market,0.193249,0.106383
Raw market,0.195388,0.103723
Raw market,0.200683,0.101064
Raw market,0.202141,0.098404
Raw market,0.206803,0.095745
Raw market,0.21126,0.093085
Raw market,0.212282,0.090426
Raw market,0.213977,0.087766
Raw market,0.224095,0.085106
Raw market,0.229443,0.082447
Raw market,0.235662,0.079787
Raw market,0.245733,0.077128
Raw market,0.257813,0.074468
Raw market,0.279391,0.071809
Raw market,0.286735,0.069149
Raw market,0.28675,0.066489
Raw market,0.292707,0.06383
Raw market,0.303016,0.06117
Raw market,0.35577,0.058511
Raw market,0.359445,0.055851
Raw market,0.363732,0.053191
Raw market,0.36468,0.050532
Raw market,0.373827,0.047872
Raw market,0.389014,0.045213
Raw market,0.400164,0.042553
Raw market,0.40983,0.039894
Raw market,0.410903,0.037234
Raw market,0.419404,0.034574
Raw market,0.440642,0.031915
Raw market,0.454545,0.029255
Raw market,0.587794,0.026596
Raw market,0.620194,0.023936
Raw market,0.634074,0.021277
Raw market,0.672434,0.018617
Raw market,0.678189,0.015957
Raw market,0.707604,0.013298
Raw market,0.711338,0.010638
Raw market,0.76535,0.007979
Raw market,0.838984,0.005319
Raw market,1.015082,0.00266
Adjusted old profile,1e-06,1.0
Adjusted old profile,9.4e-05,0.99734
Adjusted old profile,0.000281,0.994681
Adjusted old profile,0.00046,0.992021
Adjusted old profile,0.000932,0.989362
Adjusted old profile,0.001496,0.986702
Adjusted old profile,0.001695,0.984043
Adjusted old profile,0.001731,0.981383
Adjusted old profile,0.001921,0.978723
Adjusted old profile,0.002439,0.976064
Adjusted old profile,0.00258,0.973404
Adjusted old profile,0.002862,0.970745
Adjusted old profile,0.003149,0.968085
Adjusted old profile,0.003708,0.965426
Adjusted old profile,0.003786,0.962766
Adjusted old profile,0.003832,0.960106
Adjusted old profile,0.003993,0.957447
Adjusted old profile,0.004311,0.954787
Adjusted old profile,0.004337,0.952128
Adjusted old profile,0.004344,0.949468
Adjusted old profile,0.004472,0.946809
Adjusted old profile,0.004566,0.944149
Adjusted old profile,0.004792,0.941489
Adjusted old profile,0.004943,0.93883
Adjusted old profile,0.004963,0.93617
Adjusted old profile,0.005363,0.933511
Adjusted old profile,0.005371,0.930851
Adjusted old profile,0.005975,0.928191
Adjusted old profile,0.006181,0.925532
Adjusted old profile,0.006911,0.922872
Adjusted old profile,0.00727,0.920213
Adjusted old profile,0.007387,0.917553
Adjusted old profile,0.007495,0.914894
Adjusted old profile,0.007554,0.912234
Adjusted old profile,0.007626,0.909574
Adjusted old profile,0.007839,0.906915
Adjusted old profile,0.007932,0.904255
Adjusted old profile,0.008023,0.901596
Adjusted old profile,0.008159,0.898936
Adjusted old profile,0.008749,0.896277
Adjusted old profile,0.008789,0.893617
Adjusted old profile,0.008875,0.890957
Adjusted old profile,0.008896,0.888298
Adjusted old profile,0.009123,0.885638
Adjusted old profile,0.009129,0.882979
Adjusted old profile,0.00917,0.880319
Adjusted old profile,0.009309,0.87766
Adjusted old profile,0.009433,0.875
Adjusted old profile,0.009633,0.87234
Adjusted old profile,0.010085,0.869681
Adjusted old profile,0.010592,0.867021
Adjusted old profile,0.010778,0.864362
Adjusted old profile,0.01087,0.861702
Adjusted old profile,0.011144,0.859043
Adjusted old profile,0.011177,0.856383
Adjusted old profile,0.011241,0.853723
Adjusted old profile,0.011778,0.851064
Adjusted old profile,0.011825,0.848404
Adjusted old profile,0.011981,0.845745
Adjusted old profile,0.012367,0.843085
Adjusted old profile,0.012512,0.840426
Adjusted old profile,0.012552,0.837766
Adjusted old profile,0.012991,0.835106
Adjusted old profile,0.013081,0.832447
Adjusted old profile,0.013275,0.829787
Adjusted old profile,0.013561,0.827128
Adjusted old profile,0.013802,0.824468
Adjusted old profile,0.01402,0.821809
Adjusted old profile,0.014163,0.819149
Adjusted old profile,0.014244,0.816489
Adjusted old profile,0.014333,0.81383
Adjusted old profile,0.014438,0.81117
Adjusted old profile,0.014452,0.808511
Adjusted old profile,0.014932,0.805851
Adjusted old profile,0.015105,0.803191
Adjusted old profile,0.01517,0.800532
Adjusted old profile,0.015673,0.797872
Adjusted old profile,0.015814,0.795213
Adjusted old profile,0.015946,0.792553
Adjusted old profile,0.016375,0.789894
Adjusted old profile,0.016467,0.787234
Adjusted old profile,0.016718,0.784574
Adjusted old profile,0.016897,0.781915
Adjusted old profile,0.016959,0.779255
Adjusted old profile,0.01728,0.776596
Adjusted old profile,0.017403,0.773936
Adjusted old profile,0.018074,0.771277
Adjusted old profile,0.018371,0.768617
Adjusted old profile,0.018835,0.765957
Adjusted old profile,0.019189,0.763298
Adjusted old profile,0.019331,0.760638
Adjusted old profile,0.019601,0.757979
Adjusted old profile,0.019709,0.755319
Adjusted old profile,0.019728,0.75266
Adjusted old profile,0.019801,0.75
Adjusted old profile,0.020789,0.74734
Adjusted old profile,0.020819,0.744681
Adjusted old profile,0.020923,0.742021
Adjusted old profile,0.021177,0.739362
Adjusted old profile,0.021237,0.736702
Adjusted old profile,0.021496,0.734043
Adjusted old profile,0.021694,0.731383
Adjusted old profile,0.02177,0.728723
Adjusted old profile,0.021933,0.726064
Adjusted old profile,0.022286,0.723404
Adjusted old profile,0.022777,0.720745
Adjusted old profile,0.022892,0.718085
Adjusted old profile,0.022945,0.715426
Adjusted old profile,0.022978,0.712766
Adjusted old profile,0.023137,0.710106
Adjusted old profile,0.023325,0.707447
Adjusted old profile,0.023701,0.704787
Adjusted old profile,0.023811,0.702128
Adjusted old profile,0.023975,0.699468
Adjusted old profile,0.024395,0.696809
Adjusted old profile,0.024435,0.694149
Adjusted old profile,0.024459,0.691489
Adjusted old profile,0.024529,0.68883
Adjusted old profile,0.024543,0.68617
Adjusted old profile,0.024907,0.683511
Adjusted old profile,0.025038,0.680851
Adjusted old profile,0.025324,0.678191
Adjusted old profile,0.025881,0.675532
Adjusted old profile,0.026098,0.672872
Adjusted old profile,0.026594,0.670213
Adjusted old profile,0.026769,0.667553
Adjusted old profile,0.02704,0.664894
Adjusted old profile,0.027065,0.662234
Adjusted old profile,0.027823,0.659574
Adjusted old profile,0.027949,0.656915
Adjusted old profile,0.02835,0.654255
Adjusted old profile,0.028395,0.651596
Adjusted old profile,0.028767,0.648936
Adjusted old profile,0.028916,0.646277
Adjusted old profile,0.029699,0.643617
Adjusted old profile,0.029782,0.640957
Adjusted old profile,0.029879,0.638298
Adjusted old profile,0.029933,0.635638
Adjusted old profile,0.029986,0.632979
Adjusted old profile,0.030253,0.630319
Adjusted old profile,0.030322,0.62766
Adjusted old profile,0.030689,0.625
Adjusted old profile,0.030981,0.62234
Adjusted old profile,0.031026,0.619681
Adjusted old profile,0.031242,0.617021
Adjusted old profile,0.031257,0.614362
Adjusted old profile,0.031329,0.611702
Adjusted old profile,0.031495,0.609043
Adjusted old profile,0.031718,0.606383
Adjusted old profile,0.031921,0.603723
Adjusted old profile,0.032158,0.601064
Adjusted old profile,0.032463,0.598404
Adjusted old profile,0.032788,0.595745
Adjusted old profile,0.033219,0.593085
Adjusted old profile,0.033771,0.590426
Adjusted old profile,0.033811,0.587766
Adjusted old profile,0.03384,0.585106
Adjusted old profile,0.034137,0.582447
Adjusted old profile,0.034181,0.579787
Adjusted old profile,0.034423,0.577128
Adjusted old profile,0.03445,0.574468
Adjusted old profile,0.034455,0.571809
Adjusted old profile,0.034682,0.569149
Adjusted old profile,0.0347,0.566489
Adjusted old profile,0.034718,0.56383
Adjusted old profile,0.035156,0.56117
Adjusted old profile,0.035381,0.558511
Adjusted old profile,0.035385,0.555851
Adjusted old profile,0.03554,0.553191
Adjusted old profile,0.035561,0.550532
Adjusted old profile,0.035595,0.547872
Adjusted old profile,0.035893,0.545213
Adjusted old profile,0.036039,0.542553
Adjusted old profile,0.036239,0.539894
Adjusted old profile,0.036859,0.537234
Adjusted old profile,0.037655,0.534574
Adjusted old profile,0.037692,0.531915
Adjusted old profile,0.037853,0.529255
Adjusted old profile,0.037985,0.526596
Adjusted old profile,0.038059,0.523936
Adjusted old profile,0.038348,0.521277
Adjusted old profile,0.038592,0.518617
Adjusted old profile,0.0386,0.515957
Adjusted old profile,0.039024,0.513298
Adjusted old profile,0.039071,0.510638
Adjusted old profile,0.040028,0.507979
Adjusted old profile,0.040593,0.505319
Adjusted old profile,0.040672,0.50266
Adjusted old profile,0.040843,0.5
Adjusted old profile,0.040924,0.49734
Adjusted old profile,0.041201,0.494681
Adjusted old profile,0.042053,0.492021
Adjusted old profile,0.042249,0.489362
Adjusted old profile,0.042383,0.486702
Adjusted old profile,0.042461,0.484043
Adjusted old profile,0.042487,0.481383
Adjusted old profile,0.043495,0.478723
Adjusted old profile,0.043501,0.476064
Adjusted old profile,0.043722,0.473404
Adjusted old profile,0.04413,0.470745
Adjusted old profile,0.044249,0.468085
Adjusted old profile,0.044304,0.465426
Adjusted old profile,0.044659,0.462766
Adjusted old profile,0.045529,0.460106
Adjusted old profile,0.045842,0.457447
Adjusted old profile,0.046097,0.454787
Adjusted old profile,0.046491,0.452128
Adjusted old profile,0.046595,0.449468
Adjusted old profile,0.046958,0.446809
Adjusted old profile,0.047084,0.444149
Adjusted old profile,0.047379,0.441489
Adjusted old profile,0.047551,0.43883
Adjusted old profile,0.047575,0.43617
Adjusted old profile,0.047695,0.433511
Adjusted old profile,0.047932,0.430851
Adjusted old profile,0.048712,0.428191
Adjusted old profile,0.049466,0.425532
Adjusted old profile,0.049668,0.422872
Adjusted old profile,0.04983,0.420213
Adjusted old profile,0.049972,0.417553
Adjusted old profile,0.051346,0.414894
Adjusted old profile,0.052217,0.412234
Adjusted old profile,0.052418,0.409574
Adjusted old profile,0.053895,0.406915
Adjusted old profile,0.053896,0.404255
Adjusted old profile,0.054553,0.401596
Adjusted old profile,0.054669,0.398936
Adjusted old profile,0.054847,0.396277
Adjusted old profile,0.055465,0.393617
Adjusted old profile,0.055598,0.390957
Adjusted old profile,0.056072,0.388298
Adjusted old profile,0.056238,0.385638
Adjusted old profile,0.056259,0.382979
Adjusted old profile,0.056486,0.380319
Adjusted old profile,0.056676,0.37766
Adjusted old profile,0.057149,0.375
Adjusted old profile,0.05721,0.37234
Adjusted old profile,0.057348,0.369681
Adjusted old profile,0.057542,0.367021
Adjusted old profile,0.057585,0.364362
Adjusted old profile,0.057818,0.361702
Adjusted old profile,0.058291,0.359043
Adjusted old profile,0.058525,0.356383
Adjusted old profile,0.058925,0.353723
Adjusted old profile,0.059627,0.351064
Adjusted old profile,0.05987,0.348404
Adjusted old profile,0.060325,0.345745
Adjusted old profile,0.060432,0.343085
Adjusted old profile,0.060781,0.340426
Adjusted old profile,0.060837,0.337766
Adjusted old profile,0.060998,0.335106
Adjusted old profile,0.062062,0.332447
Adjusted old profile,0.062349,0.329787
Adjusted old profile,0.062471,0.327128
Adjusted old profile,0.062524,0.324468
Adjusted old profile,0.063184,0.321809
Adjusted old profile,0.063656,0.319149
Adjusted old profile,0.063741,0.316489
Adjusted old profile,0.06425,0.31383
Adjusted old profile,0.064395,0.31117
Adjusted old profile,0.064479,0.308511
Adjusted old profile,0.064576,0.305851
Adjusted old profile,0.064999,0.303191
Adjusted old profile,0.066087,0.300532
Adjusted old profile,0.066411,0.297872
Adjusted old profile,0.066822,0.295213
Adjusted old profile,0.066978,0.292553
Adjusted old profile,0.068303,0.289894
Adjusted old profile,0.068658,0.287234
Adjusted old profile,0.069197,0.284574
Adjusted old profile,0.069437,0.281915
Adjusted old profile,0.06978,0.279255
Adjusted old profile,0.070109,0.276596
Adjusted old profile,0.070308,0.273936
Adjusted old profile,0.072837,0.271277
Adjusted old profile,0.072954,0.268617
Adjusted old profile,0.073598,0.265957
Adjusted old profile,0.073811,0.263298
Adjusted old profile,0.074205,0.260638
Adjusted old profile,0.07442,0.257979
Adjusted old profile,0.075136,0.255319
Adjusted old profile,0.075732,0.25266
Adjusted old profile,0.075866,0.25
Adjusted old profile,0.076481,0.24734
Adjusted old profile,0.076868,0.244681
Adjusted old profile,0.076982,0.242021
Adjusted old profile,0.077169,0.239362
Adjusted old profile,0.07751,0.236702
Adjusted old profile,0.077676,0.234043
Adjusted old profile,0.079245,0.231383
Adjusted old profile,0.079318,0.228723
Adjusted old profile,0.079763,0.226064
Adjusted old profile,0.079984,0.223404
Adjusted old profile,0.080261,0.220745
Adjusted old profile,0.081116,0.218085
Adjusted old profile,0.08125,0.215426
Adjusted old profile,0.081381,0.212766
Adjusted old profile,0.082645,0.210106
Adjusted old profile,0.082889,0.207447
Adjusted old profile,0.083857,0.204787
Adjusted old profile,0.084322,0.202128
Adjusted old profile,0.084861,0.199468
Adjusted old profile,0.085957,0.196809
Adjusted old profile,0.085993,0.194149
Adjusted old profile,0.08605,0.191489
Adjusted old profile,0.086608,0.18883
Adjusted old profile,0.087086,0.18617
Adjusted old profile,0.088853,0.183511
Adjusted old profile,0.088974,0.180851
Adjusted old profile,0.091695,0.178191
Adjusted old profile,0.093196,0.175532
Adjusted old profile,0.094825,0.172872
Adjusted old profile,0.095312,0.170213
Adjusted old profile,0.095825,0.167553
Adjusted old profile,0.096002,0.164894
Adjusted old profile,0.098423,0.162234
Adjusted old profile,0.098874,0.159574
Adjusted old profile,0.099198,0.156915
Adjusted old profile,0.101128,0.154255
Adjusted old profile,0.101738,0.151596
Adjusted old profile,0.102304,0.148936
Adjusted old profile,0.103534,0.146277
Adjusted old profile,0.104677,0.143617
Adjusted old profile,0.106291,0.140957
Adjusted old profile,0.106468,0.138298
Adjusted old profile,0.106908,0.135638
Adjusted old profile,0.107413,0.132979
Adjusted old profile,0.107634,0.130319
Adjusted old profile,0.108749,0.12766
Adjusted old profile,0.10891,0.125
Adjusted old profile,0.109305,0.12234
Adjusted old profile,0.112144,0.119681
Adjusted old profile,0.112558,0.117021
Adjusted old profile,0.113295,0.114362
Adjusted old profile,0.115033,0.111702
Adjusted old profile,0.116543,0.109043
Adjusted old profile,0.116552,0.106383
Adjusted old profile,0.117552,0.103723
Adjusted old profile,0.118562,0.101064
Adjusted old profile,0.119422,0.098404
Adjusted old profile,0.119746,0.095745
Adjusted old profile,0.120081,0.093085
Adjusted old profile,0.121602,0.090426
Adjusted old profile,0.121738,0.087766
Adjusted old profile,0.12499,0.085106
Adjusted old profile,0.133281,0.082447
Adjusted old profile,0.134557,0.079787
Adjusted old profile,0.136676,0.077128
Adjusted old profile,0.137774,0.074468
Adjusted old profile,0.13941,0.071809
Adjusted old profile,0.144106,0.069149
Adjusted old profile,0.144444,0.066489
Adjusted old profile,0.144995,0.06383
Adjusted old profile,0.146908,0.06117
Adjusted old profile,0.149408,0.058511
Adjusted old profile,0.151252,0.055851
Adjusted old profile,0.151828,0.053191
Adjusted old profile,0.154691,0.050532
Adjusted old profile,0.159389,0.047872
Adjusted old profile,0.160768,0.045213
Adjusted old profile,0.16308,0.042553
Adjusted old profile,0.164557,0.039894
Adjusted old profile,0.172148,0.037234
Adjusted old profile,0.176635,0.034574
Adjusted old profile,0.18449,0.031915
Adjusted old profile,0.187885,0.029255
Adjusted old profile,0.1964,0.026596
Adjusted old profile,0.203977,0.023936
Adjusted old profile,0.205321,0.021277
Adjusted old profile,0.211738,0.018617
Adjusted old profile,0.226545,0.015957
Adjusted old profile,0.253662,0.013298
Adjusted old profile,0.25523,0.010638
Adjusted old profile,0.286214,0.007979
Adjusted old profile,0.320483,0.005319
Adjusted old profile,0.371703,0.00266
Adjusted new profile,1e-06,1.0
Adjusted new profile,0.000101,0.99734
Adjusted new profile,0.000304,0.994681
Adjusted new profile,0.000497,0.992021
Adjusted new profile,0.001008,0.989362
Adjusted new profile,0.001617,0.986702
Adjusted new profile,0.001832,0.984043
Adjusted new profile,0.001871,0.981383
Adjusted new profile,0.002076,0.978723
Adjusted new profile,0.002636,0.976064
Adjusted new profile,0.002787,0.973404
Adjusted new profile,0.003093,0.970745
Adjusted new profile,0.003403,0.968085
Adjusted new profile,0.004007,0.965426
Adjusted new profile,0.004091,0.962766
Adjusted new profile,0.00414,0.960106
Adjusted new profile,0.004314,0.957447
Adjusted new profile,0.004658,0.954787
Adjusted new profile,0.004687,0.952128
Adjusted new profile,0.004694,0.949468
Adjusted new profile,0.004832,0.946809
Adjusted new profile,0.004934,0.944149
Adjusted new profile,0.005179,0.941489
Adjusted new profile,0.005341,0.93883
Adjusted new profile,0.005363,0.93617
Adjusted new profile,0.005795,0.933511
Adjusted new profile,0.005803,0.930851
Adjusted new profile,0.006456,0.928191
Adjusted new profile,0.006679,0.925532
Adjusted new profile,0.007468,0.922872
Adjusted new profile,0.007856,0.920213
Adjusted new profile,0.007982,0.917553
Adjusted new profile,0.008099,0.914894
Adjusted new profile,0.008163,0.912234
Adjusted new profile,0.00824,0.909574
Adjusted new profile,0.00847,0.906915
Adjusted new profile,0.008572,0.904255
Adjusted new profile,0.008669,0.901596
Adjusted new profile,0.008816,0.898936
Adjusted new profile,0.009454,0.896277
Adjusted new profile,0.009497,0.893617
Adjusted new profile,0.00959,0.890957
Adjusted new profile,0.009613,0.888298
Adjusted new profile,0.009858,0.885638
Adjusted new profile,0.009865,0.882979
Adjusted new profile,0.009909,0.880319
Adjusted new profile,0.010059,0.87766
Adjusted new profile,0.010193,0.875
Adjusted new profile,0.010409,0.87234
Adjusted new profile,0.010898,0.869681
Adjusted new profile,0.011445,0.867021
Adjusted new profile,0.011646,0.864362
Adjusted new profile,0.011746,0.861702
Adjusted new profile,0.012041,0.859043
Adjusted new profile,0.012077,0.856383
Adjusted new profile,0.012147,0.853723
Adjusted new profile,0.012726,0.851064
Adjusted new profile,0.012777,0.848404
Adjusted new profile,0.012946,0.845745
Adjusted new profile,0.013364,0.843085
Adjusted new profile,0.01352,0.840426
Adjusted new profile,0.013563,0.837766
Adjusted new profile,0.014037,0.835106
Adjusted new profile,0.014135,0.832447
Adjusted new profile,0.014345,0.829787
Adjusted new profile,0.014654,0.827128
Adjusted new profile,0.014913,0.824468
Adjusted new profile,0.015149,0.821809
Adjusted new profile,0.015304,0.819149
Adjusted new profile,0.015392,0.816489
Adjusted new profile,0.015488,0.81383
Adjusted new profile,0.015601,0.81117
Adjusted new profile,0.015616,0.808511
Adjusted new profile,0.016134,0.805851
Adjusted new profile,0.016322,0.803191
Adjusted new profile,0.016392,0.800532
Adjusted new profile,0.016936,0.797872
Adjusted new profile,0.017087,0.795213
Adjusted new profile,0.01723,0.792553
Adjusted new profile,0.017694,0.789894
Adjusted new profile,0.017794,0.787234
Adjusted new profile,0.018064,0.784574
Adjusted new profile,0.018258,0.781915
Adjusted new profile,0.018325,0.779255
Adjusted new profile,0.018672,0.776596
Adjusted new profile,0.018805,0.773936
Adjusted new profile,0.01953,0.771277
Adjusted new profile,0.019851,0.768617
Adjusted new profile,0.020353,0.765957
Adjusted new profile,0.020735,0.763298
Adjusted new profile,0.020888,0.760638
Adjusted new profile,0.02118,0.757979
Adjusted new profile,0.021296,0.755319
Adjusted new profile,0.021317,0.75266
Adjusted new profile,0.021397,0.75
Adjusted new profile,0.022464,0.74734
Adjusted new profile,0.022496,0.744681
Adjusted new profile,0.022609,0.742021
Adjusted new profile,0.022883,0.739362
Adjusted new profile,0.022948,0.736702
Adjusted new profile,0.023227,0.734043
Adjusted new profile,0.023442,0.731383
Adjusted new profile,0.023524,0.728723
Adjusted new profile,0.0237,0.726064
Adjusted new profile,0.024081,0.723404
Adjusted new profile,0.024612,0.720745
Adjusted new profile,0.024736,0.718085
Adjusted new profile,0.024794,0.715426
Adjusted new profile,0.024829,0.712766
Adjusted new profile,0.025001,0.710106
Adjusted new profile,0.025204,0.707447
Adjusted new profile,0.025611,0.704787
Adjusted new profile,0.025729,0.702128
Adjusted new profile,0.025907,0.699468
Adjusted new profile,0.02636,0.696809
Adjusted new profile,0.026404,0.694149
Adjusted new profile,0.026429,0.691489
Adjusted new profile,0.026505,0.68883
Adjusted new profile,0.02652,0.68617
Adjusted new profile,0.026914,0.683511
Adjusted new profile,0.027055,0.680851
Adjusted new profile,0.027364,0.678191
Adjusted new profile,0.027966,0.675532
Adjusted new profile,0.028201,0.672872
Adjusted new profile,0.028737,0.670213
Adjusted new profile,0.028926,0.667553
Adjusted new profile,0.029218,0.664894
Adjusted new profile,0.029245,0.662234
Adjusted new profile,0.030064,0.659574
Adjusted new profile,0.030201,0.656915
Adjusted new profile,0.030634,0.654255
Adjusted new profile,0.030683,0.651596
Adjusted new profile,0.031084,0.648936
Adjusted new profile,0.031245,0.646277
Adjusted new profile,0.032091,0.643617
Adjusted new profile,0.032181,0.640957
Adjusted new profile,0.032286,0.638298
Adjusted new profile,0.032344,0.635638
Adjusted new profile,0.032402,0.632979
Adjusted new profile,0.03269,0.630319
Adjusted new profile,0.032764,0.62766
Adjusted new profile,0.033162,0.625
Adjusted new profile,0.033477,0.62234
Adjusted new profile,0.033525,0.619681
Adjusted new profile,0.033759,0.617021
Adjusted new profile,0.033775,0.614362
Adjusted new profile,0.033853,0.611702
Adjusted new profile,0.034033,0.609043
Adjusted new profile,0.034274,0.606383
Adjusted new profile,0.034492,0.603723
Adjusted new profile,0.034749,0.601064
Adjusted new profile,0.035079,0.598404
Adjusted new profile,0.035429,0.595745
Adjusted new profile,0.035895,0.593085
Adjusted new profile,0.036492,0.590426
Adjusted new profile,0.036534,0.587766
Adjusted new profile,0.036566,0.585106
Adjusted new profile,0.036887,0.582447
Adjusted new profile,0.036935,0.579787
Adjusted new profile,0.037196,0.577128
Adjusted new profile,0.037225,0.574468
Adjusted new profile,0.03723,0.571809
Adjusted new profile,0.037475,0.569149
Adjusted new profile,0.037496,0.566489
Adjusted new profile,0.037514,0.56383
Adjusted new profile,0.037988,0.56117
Adjusted new profile,0.038231,0.558511
Adjusted new profile,0.038235,0.555851
Adjusted new profile,0.038403,0.553191
Adjusted new profile,0.038425,0.550532
Adjusted new profile,0.038462,0.547872
Adjusted new profile,0.038784,0.545213
Adjusted new profile,0.038942,0.542553
Adjusted new profile,0.039158,0.539894
Adjusted new profile,0.039828,0.537234
Adjusted new profile,0.040689,0.534574
Adjusted new profile,0.040728,0.531915
Adjusted new profile,0.040903,0.529255
Adjusted new profile,0.041045,0.526596
Adjusted new profile,0.041125,0.523936
Adjusted new profile,0.041437,0.521277
Adjusted new profile,0.041701,0.518617
Adjusted new profile,0.041709,0.515957
Adjusted new profile,0.042168,0.513298
Adjusted new profile,0.042219,0.510638
Adjusted new profile,0.043252,0.507979
Adjusted new profile,0.043863,0.505319
Adjusted new profile,0.043948,0.50266
Adjusted new profile,0.044134,0.5
Adjusted new profile,0.044221,0.49734
Adjusted new profile,0.04452,0.494681
Adjusted new profile,0.045441,0.492021
Adjusted new profile,0.045653,0.489362
Adjusted new profile,0.045798,0.486702
Adjusted new profile,0.045882,0.484043
Adjusted new profile,0.04591,0.481383
Adjusted new profile,0.046999,0.478723
Adjusted new profile,0.047005,0.476064
Adjusted new profile,0.047244,0.473404
Adjusted new profile,0.047685,0.470745
Adjusted new profile,0.047814,0.468085
Adjusted new profile,0.047873,0.465426
Adjusted new profile,0.048256,0.462766
Adjusted new profile,0.049197,0.460106
Adjusted new profile,0.049535,0.457447
Adjusted new profile,0.049811,0.454787
Adjusted new profile,0.050237,0.452128
Adjusted new profile,0.050348,0.449468
Adjusted new profile,0.050741,0.446809
Adjusted new profile,0.050877,0.444149
Adjusted new profile,0.051196,0.441489
Adjusted new profile,0.051382,0.43883
Adjusted new profile,0.051408,0.43617
Adjusted new profile,0.051538,0.433511
Adjusted new profile,0.051793,0.430851
Adjusted new profile,0.052636,0.428191
Adjusted new profile,0.053451,0.425532
Adjusted new profile,0.053669,0.422872
Adjusted new profile,0.053844,0.420213
Adjusted new profile,0.053998,0.417553
Adjusted new profile,0.055483,0.414894
Adjusted new profile,0.056424,0.412234
Adjusted new profile,0.056641,0.409574
Adjusted new profile,0.058237,0.406915
Adjusted new profile,0.058238,0.404255
Adjusted new profile,0.058948,0.401596
Adjusted new profile,0.059073,0.398936
Adjusted new profile,0.059266,0.396277
Adjusted new profile,0.059934,0.393617
Adjusted new profile,0.060077,0.390957
Adjusted new profile,0.060589,0.388298
Adjusted new profile,0.060768,0.385638
Adjusted new profile,0.060791,0.382979
Adjusted new profile,0.061036,0.380319
Adjusted new profile,0.061242,0.37766
Adjusted new profile,0.061753,0.375
Adjusted new profile,0.061819,0.37234
Adjusted new profile,0.061968,0.369681
Adjusted new profile,0.062177,0.367021
Adjusted new profile,0.062224,0.364362
Adjusted new profile,0.062476,0.361702
Adjusted new profile,0.062987,0.359043
Adjusted new profile,0.06324,0.356383
Adjusted new profile,0.063672,0.353723
Adjusted new profile,0.06443,0.351064
Adjusted new profile,0.064693,0.348404
Adjusted new profile,0.065185,0.345745
Adjusted new profile,0.065301,0.343085
Adjusted new profile,0.065678,0.340426
Adjusted new profile,0.065738,0.337766
Adjusted new profile,0.065912,0.335106
Adjusted new profile,0.067062,0.332447
Adjusted new profile,0.067372,0.329787
Adjusted new profile,0.067504,0.327128
Adjusted new profile,0.06756,0.324468
Adjusted new profile,0.068274,0.321809
Adjusted new profile,0.068784,0.319149
Adjusted new profile,0.068876,0.316489
Adjusted new profile,0.069426,0.31383
Adjusted new profile,0.069582,0.31117
Adjusted new profile,0.069674,0.308511
Adjusted new profile,0.069779,0.305851
Adjusted new profile,0.070235,0.303191
Adjusted new profile,0.071411,0.300532
Adjusted new profile,0.071761,0.297872
Adjusted new profile,0.072206,0.295213
Adjusted new profile,0.072374,0.292553
Adjusted new profile,0.073805,0.289894
Adjusted new profile,0.07419,0.287234
Adjusted new profile,0.074771,0.284574
Adjusted new profile,0.075031,0.281915
Adjusted new profile,0.075402,0.279255
Adjusted new profile,0.075757,0.276596
Adjusted new profile,0.075972,0.273936
Adjusted new profile,0.078705,0.271277
Adjusted new profile,0.078831,0.268617
Adjusted new profile,0.079528,0.265957
Adjusted new profile,0.079757,0.263298
Adjusted new profile,0.080183,0.260638
Adjusted new profile,0.080415,0.257979
Adjusted new profile,0.081189,0.255319
Adjusted new profile,0.081833,0.25266
Adjusted new profile,0.081978,0.25
Adjusted new profile,0.082642,0.24734
Adjusted new profile,0.083061,0.244681
Adjusted new profile,0.083184,0.242021
Adjusted new profile,0.083386,0.239362
Adjusted new profile,0.083755,0.236702
Adjusted new profile,0.083933,0.234043
Adjusted new profile,0.085629,0.231383
Adjusted new profile,0.085707,0.228723
Adjusted new profile,0.086189,0.226064
Adjusted new profile,0.086427,0.223404
Adjusted new profile,0.086727,0.220745
Adjusted new profile,0.087651,0.218085
Adjusted new profile,0.087795,0.215426
Adjusted new profile,0.087937,0.212766
Adjusted new profile,0.089303,0.210106
Adjusted new profile,0.089567,0.207447
Adjusted new profile,0.090612,0.204787
Adjusted new profile,0.091115,0.202128
Adjusted new profile,0.091698,0.199468
Adjusted new profile,0.092881,0.196809
Adjusted new profile,0.092921,0.194149
Adjusted new profile,0.092982,0.191489
Adjusted new profile,0.093586,0.18883
Adjusted new profile,0.094102,0.18617
Adjusted new profile,0.096011,0.183511
Adjusted new profile,0.096142,0.180851
Adjusted new profile,0.099082,0.178191
Adjusted new profile,0.100704,0.175532
Adjusted new profile,0.102464,0.172872
Adjusted new profile,0.10299,0.170213
Adjusted new profile,0.103545,0.167553
Adjusted new profile,0.103736,0.164894
Adjusted new profile,0.106351,0.162234
Adjusted new profile,0.10684,0.159574
Adjusted new profile,0.10719,0.156915
Adjusted new profile,0.109275,0.154255
Adjusted new profile,0.109934,0.151596
Adjusted new profile,0.110546,0.148936
Adjusted new profile,0.111874,0.146277
Adjusted new profile,0.11311,0.143617
Adjusted new profile,0.114854,0.140957
Adjusted new profile,0.115045,0.138298
Adjusted new profile,0.11552,0.135638
Adjusted new profile,0.116066,0.132979
Adjusted new profile,0.116305,0.130319
Adjusted new profile,0.11751,0.12766
Adjusted new profile,0.117684,0.125
Adjusted new profile,0.118111,0.12234
Adjusted new profile,0.121178,0.119681
Adjusted new profile,0.121626,0.117021
Adjusted new profile,0.122422,0.114362
Adjusted new profile,0.1243,0.111702
Adjusted new profile,0.125932,0.109043
Adjusted new profile,0.125941,0.106383
Adjusted new profile,0.127022,0.103723
Adjusted new profile,0.128113,0.101064
Adjusted new profile,0.129042,0.098404
Adjusted new profile,0.129393,0.095745
Adjusted new profile,0.129754,0.093085
Adjusted new profile,0.131398,0.090426
Adjusted new profile,0.131545,0.087766
Adjusted new profile,0.135059,0.085106
Adjusted new profile,0.144018,0.082447
Adjusted new profile,0.145397,0.079787
Adjusted new profile,0.147686,0.077128
Adjusted new profile,0.148873,0.074468
Adjusted new profile,0.15064,0.071809
Adjusted new profile,0.155715,0.069149
Adjusted new profile,0.15608,0.066489
Adjusted new profile,0.156676,0.06383
Adjusted new profile,0.158743,0.06117
Adjusted new profile,0.161444,0.058511
Adjusted new profile,0.163437,0.055851
Adjusted new profile,0.164059,0.053191
Adjusted new profile,0.167153,0.050532
Adjusted new profile,0.172229,0.047872
Adjusted new profile,0.173719,0.045213
Adjusted new profile,0.176217,0.042553
Adjusted new profile,0.177813,0.039894
Adjusted new profile,0.186016,0.037234
Adjusted new profile,0.190864,0.034574
Adjusted new profile,0.199352,0.031915
Adjusted new profile,0.203021,0.029255
Adjusted new profile,0.212222,0.026596
Adjusted new profile,0.22041,0.023936
Adjusted new profile,0.221862,0.021277
Adjusted new profile,0.228795,0.018617
Adjusted new profile,0.244795,0.015957
Adjusted new profile,0.274097,0.013298
Adjusted new profile,0.275792,0.010638
Adjusted new profile,0.309272,0.007979
Adjusted new profile,0.346301,0.005319
Adjusted new profile,0.401648,0.00266
